DSC001262.JPG,0,160,512,512,682
DSC001254.JPG,0,145,460,512,682
DSC001256.JPG,0,150,512,512,682
DSC001255.JPG,50,77,460,512,682
0IMG_9751.jpg,250,10,358,682,512
0IMG_9750.jpg,250,0,358,682,512
0IMG_9749.jpg,10,5,460,682,512
0IMG_20260324_085738.jpg,260,25,358,682,512
DSC001264.JPG,130,0,512,682,512
DSC001265.JPG,60,0,512,682,512
0IMG_9761.jpg,2,30,409,682,512
0IMG_9753.jpg,168,0,512,682,512
0IMG_9757.jpg,130,0,512,682,512
0IMG_9839.jpg,185,25,358,682,512
0IMG_20260324_174924.jpg,95,35,460,682,512
0IMG_20260324_175006.jpg,195,0,409,682,512
0IMG_20260324_174928.jpg,205,15,409,682,512
0IMG_20260324_174925.jpg,140,0,409,682,512
0IMG_20260324_174909.jpg,185,40,460,682,512
0IMG_20260324_175244.jpg,140,40,409,682,512
DSC001305.JPG,145,70,409,682,512
DSC001306.JPG,150,50,409,682,512
DSC001304.JPG,160,30,409,682,512
DSC001307.JPG,195,30,460,682,512
DSC001308.JPG,200,50,460,682,512
DSC001309.JPG,145,0,512,682,512
DSC001310.JPG,180,0,460,682,512
DSC001301.JPG,150,0,460,682,512
DSC001300.JPG,140,5,460,682,512
DSC001302.JPG,220,5,409,682,512
DSC001303.JPG,245,0,409,682,512
DSC001299.JPG,163,69,358,682,512
DSC001288.JPG,130,230,358,512,682
0IMG_20260324_150623.jpg,165,150,358,682,512
0IMG_20260325_142031.jpg,230,0,358,682,512
0IMG_7364.JPG,0,168,512,512,682
0IMG_5621.jpg,20,240,358,512,682
0IMG_6294.JPG,280,150,358,682,512
0IMG_5625.jpg,200,50,358,682,512
0IMG_5626.jpg,205,45,409,682,512
0IMG_6288.JPG,300,105,358,682,512
0IMG_6287.JPG,300,100,358,682,512
0IMG_6289.JPG,320,95,358,682,512
0IMG_6428.JPG,240,95,409,682,512
0IMG_6427.JPG,240,95,409,682,512
0IMG_5624.jpg,70,110,409,512,682
0IMG_5623.jpg,80,110,409,512,682
0IMG_3040.jpg,10,160,409,512,682
0IMG_20260324_144325.jpg,95,0,409,682,512
0IMG_20260324_144323.jpg,100,0,409,682,512
0IMG_7408.JPG,15,305,358,512,682
0IMG_20260325_134010.jpg,45,10,460,682,512
0IMG_20260325_134025.jpg,170,50,460,682,512
0IMG_20260325_134020.jpg,145,0,512,682,512
0IMG_20260325_095601.jpg,140,0,512,682,512
0IMG_20260325_134032.jpg,0,0,512,512,682
0IMG_20260325_134318.jpg,0,55,512,512,682
0IMG_20260325_134321.jpg,0,50,460,512,682
0IMG_20260325_134122.jpg,50,215,460,512,682
0IMG_20260325_134123.jpg,30,175,460,512,682
0IMG_20260325_142931.jpg,90,0,512,682,512
0IMG_20260325_141537.jpg,75,0,512,682,512
0IMG_20260324_155250.jpg,20,100,409,682,512
0df846b89-6330-45d9-807c-c3dc7ac80a53.jpg,205,50,409,682,512
Col_DSC00423.JPG,15,0,512,682,512
Col_DSC00422.JPG,134,0,512,682,512
Col_DSC00421.JPG,10,75,460,512,682
Col_DSC00430.JPG,130,95,358,512,682
0IMG_20260325_085219.jpg,0,110,512,512,682
0IMG_20260325_143342.jpg,60,0,512,682,512
0IMG_20260325_143344.jpg,0,0,512,682,512
0IMG_20260324_145644.jpg,15,50,460,512,682
0IMG_20260324_145642.jpg,25,5,409,512,682
0IMG_20260324_145316.jpg,86,90,409,682,512
0IMG_20260324_145313.jpg,0,180,358,512,682
DSC001270.JPG,150,25,358,512,682
DSC001268.JPG,5,139,460,512,682
DSC001269.JPG,130,285,358,512,682
DSC001272.JPG,0,90,512,512,682
DSC001273.JPG,0,168,512,512,682
DSC00947.JPG,0,125,512,512,682
DSC00934.JPG,163,100,409,682,512
DSC00935.JPG,40,120,460,512,682
DSC00941.JPG,0,45,358,682,512
DSC00943.JPG,105,0,460,682,512
DSC00942.JPG,115,0,512,682,512
DSC00940.JPG,0,45,409,512,682
DSC00939.JPG,39,89,460,512,682
DSC00938.JPG,30,155,409,512,682
DSC00937.JPG,40,150,409,512,682
DSC00944.JPG,140,305,358,512,682
DSC00946.JPG,80,15,409,512,682
DSC00952.JPG,5,310,358,512,682
DSC00951.JPG,70,265,358,512,682
DSC00956.JPG,15,25,409,512,682
DSC01089.JPG,100,95,409,512,682
DSC01090.JPG,100,205,409,512,682
0IMG_20260319_142720.jpg,110,160,358,512,682
0IMG_20260319_142606.jpg,140,155,358,512,682
0IMG_20260319_142622.jpg,140,145,358,512,682
DSC00962.JPG,20,183,460,512,682
DSC00961.JPG,20,214,460,512,682
DSC00955.JPG,15,210,460,512,682
DSC00958.JPG,0,0,460,512,682
DSC00957.JPG,45,50,460,682,512
DSC00966.JPG,50,20,460,512,682
DSC00994.JPG,0,205,409,512,682
DSC00977.JPG,40,190,409,512,682
DSC00974.JPG,0,0,512,682,512
DSC01006.JPG,78,0,460,682,512
DSC01022.JPG,0,205,409,512,682
DSC01023.JPG,10,185,460,512,682
DSC01000.JPG,50,215,358,512,682
DSC01028.JPG,55,50,460,682,512
DSC01027.JPG,120,100,409,682,512
DSC01029.JPG,10,50,460,512,682
DSC01005.JPG,50,60,358,512,682
DSC01051.JPG,0,215,460,512,682
DSC01036.JPG,45,315,358,512,682
DSC01034.JPG,140,185,358,512,682
DSC01031.JPG,260,20,358,682,512
DSC01050.JPG,100,0,460,682,512
DSC00995.JPG,0,164,512,512,682
DSC00976.JPG,40,270,409,512,682
0IMG_20260319_100709.jpg,10,0,460,512,682
DSC01038.JPG,0,85,512,512,682
DSC00975.JPG,75,25,358,512,682
DSC00985.JPG,0,175,409,512,682
DSC01025.JPG,0,185,358,512,682
DSC01026.JPG,0,225,409,512,682
DSC00954.JPG,0,15,512,512,682
DSC00950.JPG,0,0,512,512,682
DSC00672.JPG,50,190,460,512,682
DSC00677.JPG,20,0,358,512,682
DSC00554.JPG,225,100,409,682,512
DSC00665.JPG,0,102,460,512,682
DSC001216.JPG,0,101,512,512,682
DSC001215.JPG,25,220,460,512,682
0IMG_9695.jpg,250,45,358,682,512
DSC001228.JPG,150,5,358,512,682
DSC001227.JPG,135,10,358,512,682
DSC001226.JPG,80,10,358,512,682
DSC001214.JPG,49,0,460,512,682
DSC001221.JPG,0,128,512,512,682
DSC001230.JPG,0,45,512,512,682
DSC001233.JPG,0,85,409,512,682
DSC001206.JPG,0,95,512,512,682
DSC001220.JPG,50,5,460,512,682
DSC001219.JPG,95,110,358,512,682
DSC001217.JPG,90,94,409,512,682
DSC001218.JPG,90,94,409,512,682
DSC001202.JPG,130,120,358,512,682
DSC001203.JPG,200,0,358,682,512
DSC001201.JPG,0,115,512,512,682
DSC001236.JPG,0,140,512,512,682
DSC001242.JPG,15,0,358,512,682
DSC001280.JPG,45,200,358,512,682
DSC00654.JPG,25,270,409,512,682
DSC00653.JPG,20,210,460,512,682
DSC00676.JPG,0,143,512,512,682
DSC00661.JPG,80,0,409,512,682
DSC00663.JPG,0,64,512,512,682
DSC00649.JPG,0,139,512,512,682
DSC00647.JPG,125,25,358,512,682
DSC00666.JPG,35,125,409,512,682
DSC00667.JPG,25,55,409,512,682
seq_rock2/DSC01601.JPG,175,0,1050,1400,1050
seq_rock2/DSC01602.JPG,175,0,1050,1400,1050
seq_rock2/DSC01603.JPG,175,0,1050,1400,1050
seq_rock2/DSC01604.JPG,175,0,1050,1400,1050
seq_rock2/DSC01605.JPG,175,0,1050,1400,1050
seq_rock2/DSC01606.JPG,175,0,1050,1400,1050
seq_rock2/DSC01607.JPG,175,0,1050,1400,1050
seq_rock2/DSC01608.JPG,175,0,1050,1400,1050
seq_rock2/DSC01609.JPG,175,0,1050,1400,1050
seq_rock2/DSC01610.JPG,175,0,1050,1400,1050
seq_rock2/DSC01611.JPG,175,0,1050,1400,1050
seq_rock2/DSC01612.JPG,175,0,1050,1400,1050
seq_rock2/DSC01613.JPG,175,0,1050,1400,1050
seq_rock2/DSC01614.JPG,175,0,1050,1400,1050
seq_rock2/DSC01615.JPG,175,0,1050,1400,1050
seq_rock2/DSC01616.JPG,175,0,1050,1400,1050
seq_rock2/DSC01617.JPG,175,0,1050,1400,1050
seq_rock2/DSC01618.JPG,175,0,1050,1400,1050
seq_rock2/DSC01619.JPG,175,0,1050,1400,1050
seq_rock2/DSC01620.JPG,175,0,1050,1400,1050
seq_rock2/DSC01621.JPG,175,0,1050,1400,1050
seq_rock2/DSC01622.JPG,175,0,1050,1400,1050
seq_rock2/DSC01623.JPG,175,0,1050,1400,1050
seq_rock2/DSC01624.JPG,175,0,1050,1400,1050
seq_rock2/DSC01625.JPG,175,0,1050,1400,1050
seq_rock2/DSC01626.JPG,175,0,1050,1400,1050
seq_rock2/DSC01627.JPG,175,0,1050,1400,1050
seq_rock2/DSC01628.JPG,175,0,1050,1400,1050
DSC01641.JPG,10,155,460,512,682
DSC01639.JPG,0,96,460,512,682
DSC01640.JPG,0,144,460,512,682
DSC01638.JPG,0,169,512,512,682
DSC01449.JPG,0,165,460,512,682
DSC01456.JPG,50,210,460,512,682
seq_rock1/DSC01501.JPG,0,175,1050,1050,1400
seq_rock1/DSC01502.JPG,0,175,1050,1050,1400
seq_rock1/DSC01503.JPG,0,175,1050,1050,1400
seq_rock1/DSC01504.JPG,0,175,1050,1050,1400
seq_rock1/DSC01505.JPG,0,175,1050,1050,1400
seq_rock1/DSC01506.JPG,0,175,1050,1050,1400
seq_rock1/DSC01507.JPG,0,175,1050,1050,1400
seq_rock1/DSC01508.JPG,0,175,1050,1050,1400
seq_rock1/DSC01509.JPG,0,175,1050,1050,1400
seq_rock1/DSC01510.JPG,0,175,1050,1050,1400
seq_rock1/DSC01511.JPG,0,175,1050,1050,1400
seq_rock1/DSC01512.JPG,0,175,1050,1050,1400
seq_rock1/DSC01513.JPG,0,175,1050,1050,1400
seq_rock1/DSC01514.JPG,0,175,1050,1050,1400
seq_rock1/DSC01515.JPG,0,175,1050,1050,1400
seq_rock1/DSC01516.JPG,0,175,1050,1050,1400
seq_rock1/DSC01517.JPG,0,175,1050,1050,1400
DSC01495.JPG,150,215,358,512,682
DSC01518.JPG,50,20,460,512,682
DSC01409.JPG,89,182,409,512,682
DSC01410.JPG,100,250,358,512,682
DSC01380.JPG,95,270,409,512,682
DSC01391.JPG,50,210,460,512,682
DSC01390.JPG,150,190,358,512,682
DSC01388.JPG,145,230,358,512,682
DSC01387.JPG,85,130,409,512,682
DSC01389.JPG,49,68,460,512,682
DSC01392.JPG,95,100,358,512,682
DSC01400.JPG,40,30,460,512,682
DSC01399.JPG,100,35,358,512,682
DSC01398.JPG,23,39,409,512,682
0IMG_20260329_170450.jpg,95,150,358,512,682
0IMG_20260329_170453.jpg,85,240,409,512,682
0IMG_20260329_170454.jpg,100,200,409,512,682
0IMG_20260329_170456.jpg,100,240,409,512,682
DSC01381.JPG,20,0,460,512,682
DSC01384.JPG,10,65,460,512,682
DSC01385.JPG,0,90,460,512,682
DSC01382.JPG,40,205,460,512,682
DSC01383.JPG,195,150,358,682,512
DSC01416.JPG,39,151,460,512,682
DSC01417.JPG,25,120,460,512,682
DSC01418.JPG,30,115,460,512,682
DSC01414.JPG,15,165,409,512,682
DSC01415.JPG,40,165,409,512,682
DSC01413.JPG,0,38,512,512,682
DSC01411.JPG,15,0,460,512,682
DSC01412.JPG,20,70,358,512,682
0IMG_20260329_174454.jpg,95,105,358,512,682
0IMG_20260329_173418.jpg,90,175,358,512,682
0IMG_20260329_173412.jpg,50,230,358,512,682
0IMG_20260329_173409.jpg,50,110,358,512,682
0IMG_20260329_173419.jpg,110,220,358,512,682
0IMG_20260329_173936.jpg,105,80,358,682,512
0IMG_20260329_173930.jpg,0,130,358,512,682
0IMG_20260329_173422.jpg,0,0,460,512,682
0IMG_20260329_173939.jpg,50,100,409,512,682
0IMG_20260329_173229.jpg,50,250,409,512,682
0IMG_20260329_173221.jpg,100,0,409,512,682
0IMG_20260329_173841.jpg,162,77,358,682,512
0IMG_6146.JPG,77,129,358,512,616
DSC01008.JPG,77,162,358,512,682
DSC01007.JPG,77,162,358,512,682
DSC01037.JPG,77,162,358,512,682
0IMG_6158.JPG,77,276,358,512,910
0IMG_6155.JPG,77,162,358,512,682
0IMG_6160.JPG,77,162,358,512,682
0IMG_6159.JPG,77,162,358,512,682
0IMG_6156.JPG,150,0,358,512,682
0IMG_6157.JPG,150,0,358,512,682
0IMG_6152.JPG,50,125,358,512,682
0IMG_6153.JPG,55,65,358,512,682
0IMG_7418.JPG,100,130,409,512,682
0IMG_7022.JPG,100,500,409,512,910
0IMG_20260329_183417.jpg,0,10,358,512,682
0IMG_20260329_183412.jpg,40,175,358,512,682
0IMG_20260329_183408.jpg,72,189,358,512,682
0IMG_20260329_183414.jpg,50,255,409,512,682
0IMG_20260329_183420.jpg,124,0,460,682,512
0IMG_20260329_183551.jpg,10,110,358,512,682
0IMG_20260329_183550.jpg,0,175,409,512,682
0IMG_20260329_173837.jpg,200,85,409,682,512
0IMG_20260329_173427.jpg,150,110,358,512,682
DSC01408.JPG,0,190,358,512,682
0IMG_6147.JPG,135,150,358,682,512
0IMG_6148.JPG,200,150,358,682,512
0IMG_6150.JPG,155,0,358,682,512
0IMG_6149.JPG,155,0,358,682,512
0IMG_6151.JPG,140,150,358,682,512
0IMG_6316.JPG,115,270,358,512,682
0IMG_6323.JPG,100,60,358,682,512
0IMG_6322.JPG,50,150,358,512,682
0IMG_3004.jpg,160,45,409,682,512
0IMG_3001.jpg,40,165,409,512,682
0IMG_2995.jpg,80,0,512,682,512
0IMG_6319.JPG,90,50,358,682,512
0IMG_6320.JPG,90,60,358,682,512
0IMG_6318.JPG,0,160,358,512,682
0IMG_6317.JPG,35,0,460,512,682
0FullSizeRender.jpg,290,85,358,682,512
0IMG_6343.JPG,50,0,409,512,682
0IMG_2996.jpg,150,100,358,682,512
0IMG_2989.jpg,135,100,409,682,512
0IMG_6412.JPG,0,362,512,512,910
0IMG_6305.JPG,50,200,358,512,682
0IMG_6304.JPG,100,100,409,682,512
0IMG_2988.jpg,100,45,460,682,512
0IMG_2991.jpg,105,50,409,682,512
0IMG_2990.jpg,60,150,358,512,682
0IMG_2992.jpg,0,155,358,512,682
0IMG_6277.JPG,0,148,512,512,682
0IMG_6276.JPG,50,220,460,512,682
0IMG_2956.jpg,25,220,358,512,682
0IMG_2957.jpg,15,0,409,512,682
0IMG_2959.jpg,70,220,358,512,682
0IMG_6279.JPG,50,205,460,512,682
0IMG_6278.JPG,95,295,358,512,682
0IMG_2960.jpg,245,150,358,682,512
0IMG_6402.JPG,0,120,460,512,682
0IMG_6398.JPG,0,132,460,512,910
0IMG_6397.JPG,50,50,460,512,910
0IMG_6735.JPG,0,0,512,512,682
0IMG_6399.JPG,0,0,512,512,682
0IMG_6395.JPG,40,35,460,512,682
0IMG_6396.JPG,65,25,358,512,910
0IMG_6401.JPG,20,205,409,512,683
0IMG_6406.JPG,60,0,460,682,512
0IMG_6406(1).JPG,10,10,409,512,512
0IMG_6403.JPG,50,195,409,512,682
0IMG_6416.JPG,85,95,358,512,682
0IMG_6420.JPG,0,175,460,512,682
0IMG_6410.JPG,50,0,460,512,910
0IMG_6347.JPG,0,50,512,512,910
0IMG_6346.JPG,105,105,358,512,682
0IMG_6348.JPG,20,0,460,512,910
0IMG_6349.JPG,50,0,409,512,910
0IMG_6353.JPG,100,260,409,512,682
0IMG_6355.JPG,25,450,460,512,910
0IMG_6352.JPG,0,135,460,512,682
0IMG_6351.JPG,0,150,460,512,682
0IMG_6350.JPG,15,200,460,512,682
0IMG_6413.JPG,150,90,358,512,682
0IMG_6421.JPG,5,0,460,512,682
0IMG_7433.JPG,100,5,409,512,682
0IMG_7434.JPG,150,5,358,512,682
0IMG_7390.JPG,0,145,460,512,682
0IMG_7391.JPG,50,150,460,512,682
0IMG_20260325_153458.jpg,95,0,512,682,512
0IMG_7448.JPG,25,0,358,512,682
0IMG_7455.JPG,0,275,358,512,682
DSC00705.JPG,0,95,358,512,682
0IMG_7450.JPG,0,0,409,512,682
0IMG_7447.JPG,0,195,358,512,682
0IMG_7458.JPG,0,5,358,682,512
0IMG_7521.JPG,50,200,358,512,682
0IMG_7456.JPG,75,55,358,512,682
0IMG_7457.JPG,10,25,409,512,682
0IMG_7516.JPG,0,113,460,512,682
0IMG_7517.JPG,5,219,460,512,682
0IMG_20260325_161537.jpg,30,0,460,682,512
0IMG_20260325_161528.jpg,10,165,358,512,682
0IMG_20260325_161526.jpg,0,145,409,512,682
0IMG_20260325_153451.jpg,50,15,409,682,512
0IMG_20260325_153448.jpg,105,0,358,682,512
0IMG_20260325_123825.jpg,55,15,358,682,512
0IMG_20260325_104048.jpg,75,150,358,682,512
0IMG_20260325_104755.jpg,15,0,358,512,682
0IMG_20260325_094859.jpg,0,105,512,512,682
0IMG_20260325_074236.jpg,25,0,358,682,512
0IMG_20260325_085225.jpg,25,45,460,682,512
0IMG_20260325_085222.jpg,10,115,358,512,682
0IMG_20260324_173420.jpg,10,210,409,512,682
0IMG_20260324_173422.jpg,5,205,409,512,682
0IMG_20260324_161541.jpg,0,185,358,512,682
0IMG_20260325_160914.jpg,0,100,409,682,512
0IMG_20260325_160914_1.jpg,0,100,409,682,512
0IMG_7314.JPG,320,0,358,682,512
0IMG_9820.jpg,295,115,358,682,512
0IMG_20260325_110331.jpg,0,131,358,512,682
0IMG_20260325_105024.jpg,5,139,460,512,682
0IMG_20260325_093952.jpg,90,255,409,512,682
0IMG_20260325_093951.jpg,100,245,409,512,682
0IMG_7360.JPG,0,90,512,512,682
0IMG_20260325_135341.jpg,255,100,409,682,512
0IMG_7468.JPG,110,190,358,512,682
0IMG_7467.JPG,45,180,409,512,682
0IMG_7351.JPG,265,5,358,682,512
0IMG_7369.JPG,0,95,512,512,682
0IMG_6849.JPG,170,0,512,682,512
0IMG_6872.JPG,22,0,358,682,512
0IMG_6770.JPG,0,0,358,682,512
0IMG_7407.JPG,0,0,460,682,512
0IMG_7400.JPG,100,215,409,512,682
0IMG_7411.JPG,315,130,358,682,512
0IMG_7409.JPG,270,90,409,682,512
0IMG_7410.JPG,245,100,409,682,512
0IMG_7412.JPG,270,130,358,682,512
0IMG_7414.JPG,210,100,409,682,512
0IMG_7413.JPG,320,140,358,682,512
0IMG_2985.jpg,225,120,358,682,512
0IMG_2984.jpg,250,150,358,682,512
0IMG_2980.jpg,215,130,358,682,512
0IMG_6540.JPG,150,435,358,512,910
0IMG_2983.jpg,270,70,409,682,512
0IMG_7398.JPG,265,95,409,682,512
0IMG_7399.JPG,130,265,358,512,682
0IMG_20260324_153216.jpg,110,145,358,512,682
0IMG_20260324_153217.jpg,105,85,358,512,682
0IMG_20260324_153219.jpg,95,50,358,512,682
0IMG_20260324_153203.jpg,190,140,358,682,512
0IMG_20260324_153156.jpg,135,220,358,512,682
0IMG_20260324_153213.jpg,121,42,409,682,512
0IMG_20260324_154724.jpg,0,0,409,512,682
0IMG_20260324_153003.jpg,29,100,409,682,512
0IMG_20260324_160124.jpg,20,0,358,512,682
0IMG_20260324_153055.jpg,0,130,512,512,682
0IMG_20260324_153053.jpg,0,65,512,512,682
0IMG_20260324_152958.jpg,25,90,460,512,682
0IMG_20260324_153000.jpg,30,0,460,512,682
0IMG_20260324_160126.jpg,20,35,460,512,682
DSC00680.JPG,0,75,358,512,682
0IMG_20260326_142849.jpg,145,280,358,512,682
0IMG_20260326_144034.jpg,45,80,358,512,682
0IMG_20260326_144030.jpg,40,115,358,512,682
0IMG_20260326_144154.jpg,150,350,358,512,1161
0IMG_20260326_144147.jpg,50,245,459,511,908
0IMG_20260326_144144.jpg,0,255,511,511,908
0IMG_20260326_144121.jpg,24,219,460,512,682
0IMG_20260326_144125.jpg,0,145,512,512,682
0IMG_20260326_144124.jpg,0,150,512,512,682
0IMG_20260326_144110.jpg,0,75,460,512,682
0IMG_20260326_144115.jpg,0,90,512,512,682
0IMG_20260326_144004.jpg,50,225,358,512,682
0IMG_20260326_144019.jpg,0,135,409,512,682
0IMG_20260326_143956.jpg,5,225,409,512,682
0IMG_20260326_144001.jpg,5,55,409,512,682
0IMG_20260326_144021.jpg,0,175,409,512,682
DSC00566.JPG,0,270,409,512,682
DSC00559.JPG,0,189,460,512,682
DSC00556.JPG,10,245,409,512,682
DSC001235.JPG,0,10,512,512,682
DSC001234.JPG,0,0,512,512,682
DSC001237.JPG,110,0,512,682,512
DSC001238.JPG,115,0,512,682,512
DSC001239.JPG,95,0,512,682,512
DSC001245.JPG,20,230,409,512,682
DSC001246.JPG,0,120,358,512,682
DSC001248.JPG,0,190,409,512,682
DSC001249.JPG,5,155,358,512,682
DSC001244.JPG,0,145,358,512,682
DSC001240.JPG,0,110,512,512,682
DSC001222.JPG,15,62,409,682,512
DSC001278.JPG,5,160,358,512,682
DSC001199.JPG,0,170,512,512,682
DSC001198.JPG,20,0,358,512,682
DSC001200.JPG,50,141,409,512,682
0IMG_20260326_143617.jpg,0,280,358,512,682
0IMG_20260326_143619.jpg,0,150,358,512,682
0IMG_20260326_144009.jpg,50,200,460,512,682
0IMG_20260326_142900.jpg,150,0,358,512,682
0IMG_20260326_142857.jpg,77,162,358,512,682
0IMG_20260326_142904.jpg,77,162,358,512,682
0IMG_20260326_143136.jpg,100,250,409,512,682
0IMG_20260326_142945.jpg,0,300,358,512,682
0IMG_20260326_142949.jpg,100,0,358,512,682
0IMG_20260326_142940.jpg,49,58,460,512,682
0IMG_20260326_142807.jpg,20,295,358,512,682
0IMG_20260326_142812.jpg,0,150,512,512,682
0IMG_20260326_142841.jpg,150,320,358,512,682
0IMG_20260326_142847.jpg,90,320,358,512,682
0IMG_20260326_142848.jpg,80,270,409,512,682
0IMG_20260326_142844.jpg,125,210,358,512,682
0IMG_20260326_142851.jpg,115,250,358,512,682
DSC00707.JPG,115,60,358,512,682
DSC00710.JPG,30,305,358,512,682
DSC00709.JPG,0,170,512,512,682
DSC00708.JPG,0,20,512,512,682
DSC00713.JPG,65,0,512,682,512
DSC00714.JPG,0,45,512,512,682
0IMG_7519.JPG,90,90,358,512,682
0IMG_7518.JPG,60,105,409,512,682
0IMG_7522.JPG,50,120,409,512,682
0IMG_7520.JPG,126,0,409,682,512
0IMG_7358.JPG,95,0,409,512,682
0IMG_6794.JPG,150,135,358,512,682
0IMG_6792.JPG,125,70,358,512,682
0IMG_6791.JPG,80,0,358,512,682
0IMG_7465.JPG,46,126,358,512,682
0IMG_7463.JPG,78,20,358,682,512
0IMG_7464.JPG,80,0,512,682,512
DSC00704.JPG,126,202,358,512,682
DSC00996.JPG,72,71,409,512,682
DSC001106.JPG,45,95,460,512,682
DSC00965.JPG,90,160,409,512,682
DSC01091.JPG,0,320,358,512,682
0IMG_20260319_120508.jpg,57,90,358,512,682
0IMG_20260319_112906.jpg,105,0,512,682,512
0IMG_20260319_111504.jpg,89,189,358,512,682
0IMG_20260319_100720.jpg,106,146,358,512,682
0IMG_20260319_100706.jpg,50,90,460,512,682
0IMG_20260319_142825.jpg,0,650,409,512,1161
DSC00978.JPG,131,0,460,682,512
DSC001109.JPG,50,0,460,512,682
DSC001110.JPG,205,15,460,682,512
0IMG_7224.JPG,105,185,358,512,682
DSC00560.JPG,0,169,512,512,682
DSC00796.JPG,0,133,512,512,682
DSC00800.JPG,10,0,409,512,682
DSC00799.JPG,15,85,409,512,682
DSC00916.JPG,30,252,358,512,682
DSC01055.JPG,0,260,409,512,682
DSC01054.JPG,5,100,358,512,682
DSC01010.JPG,100,195,409,512,682
DSC01035.JPG,150,280,358,512,682
DSC001108.JPG,20,230,409,512,682
DSC00980.JPG,120,145,358,682,512
DSC00979.JPG,75,0,358,682,512
DSC00981.JPG,0,0,512,512,682
DSC00982.JPG,0,10,512,512,682
DSC00983.JPG,0,20,512,512,682
DSC00992.JPG,10,245,409,512,682
DSC00993.JPG,0,200,409,512,682
DSC00984.JPG,50,0,460,512,682
DSC00999.JPG,150,200,358,512,682
DSC01045.JPG,100,5,409,512,2327
DSC01044.JPG,0,1725,512,512,3389
DSC00953.JPG,25,120,409,512,682
DSC01093.JPG,45,165,460,512,682
DSC01092.JPG,0,170,460,512,682
0IMG_20260319_142629.jpg,0,95,512,512,682
DSC001105.JPG,0,169,512,512,682
0IMG_7239.JPG,150,165,358,512,682
0IMG_7234.JPG,320,150,358,682,512
0IMG_7229.JPG,100,230,409,512,682
0IMG_7230.JPG,150,0,512,682,512
0IMG_7237.JPG,150,285,358,512,682
0IMG_7244.JPG,95,260,409,512,682
0IMG_7235.JPG,24,219,460,512,682
0IMG_7243.JPG,125,320,358,512,682
0IMG_7222.JPG,95,0,512,682,512
0IMG_7221.JPG,105,0,512,682,512
DSC00565.JPG,150,0,512,682,512
DSC00607.JPG,35,215,460,512,682
DSC00567.JPG,70,270,409,512,682
DSC00620.JPG,5,116,409,512,682
DSC00618.JPG,0,220,460,512,682
DSC00608.JPG,100,0,512,682,512
DSC00613.JPG,25,75,409,512,682
DSC00609.JPG,95,270,409,512,682
DSC00606.JPG,55,120,409,512,682
DSC00614.JPG,150,135,358,512,682
DSC00562.JPG,140,250,358,512,682
DSC00558.JPG,95,135,409,512,682
DSC00552.JPG,150,105,358,512,682
DSC00550.JPG,140,0,512,682,512
DSC00590.JPG,70,10,358,512,682
0IMG_7228.JPG,90,135,358,512,682
DSC00586.JPG,100,240,409,512,682
DSC00589.JPG,135,315,358,512,682
0IMG_7233.JPG,145,300,358,512,682
DSC00627.JPG,95,133,409,512,682
DSC00629.JPG,150,105,358,512,682
DSC00635.JPG,100,270,409,512,682
DSC00632.JPG,55,205,409,512,682
DSC00628.JPG,0,165,512,512,682
DSC00637.JPG,150,65,358,512,682
DSC00636.JPG,100,270,409,512,682
DSC00630.JPG,65,235,409,512,682
0IMG_7255.JPG,0,0,512,512,682
0IMG_7256.JPG,0,15,512,512,682
DSC00622.JPG,5,35,358,512,682
DSC00626.JPG,150,0,358,512,682
DSC00624.JPG,95,0,409,512,682
0IMG_7261.JPG,200,60,409,682,512
0IMG_7262.JPG,200,65,409,682,512
0IMG_7265.JPG,200,85,409,682,512
0IMG_7264.JPG,195,90,409,682,512
0IMG_7259.JPG,200,90,409,682,512
0IMG_7263.JPG,205,95,409,682,512
0IMG_7260.JPG,190,95,409,682,512
0IMG_7258.JPG,135,0,512,682,512
DSC00638.JPG,49,140,460,512,682
0IMG_7246.JPG,66,71,358,512,682
0IMG_9706.jpg,250,85,409,682,512
0IMG_9707.jpg,310,130,358,682,512
0IMG_9708.jpg,290,145,358,682,512
0IMG_9705.jpg,168,0,512,682,512
0IMG_9715.jpg,95,0,512,682,512
0IMG_9674.jpg,122,15,460,682,512
0IMG_9675.jpg,144,0,512,682,512
0IMG_9690.jpg,169,0,512,682,512
0IMG_9691.jpg,195,40,460,682,512
DSC001241.JPG,35,0,460,512,682
DSC00648.JPG,150,150,358,512,682
DSC00640.JPG,0,95,512,512,682
DSC00662.JPG,40,315,358,512,682
DSC00659.JPG,0,95,512,512,682
DSC00645.JPG,20,20,409,512,682
DSC00644.JPG,95,230,409,512,682
0IMG_20260413_124458.jpg,0,170,512,512,682
DSC001271.JPG,100,175,409,512,682
0IMG_20260413_124455.jpg,150,250,358,512,682
DSC01685.JPG,100,270,409,512,682
seq_rock3/DSC01643.JPG,0,175,1050,1050,1400
seq_rock3/DSC01644.JPG,0,175,1050,1050,1400
seq_rock3/DSC01645.JPG,0,175,1050,1050,1400
seq_rock3/DSC01646.JPG,0,175,1050,1050,1400
seq_rock3/DSC01647.JPG,0,175,1050,1050,1400
seq_rock3/DSC01648.JPG,0,175,1050,1050,1400
seq_rock3/DSC01649.JPG,0,175,1050,1050,1400
seq_rock3/DSC01650.JPG,0,175,1050,1050,1400
seq_rock3/DSC01651.JPG,0,175,1050,1050,1400
seq_rock3/DSC01652.JPG,0,175,1050,1050,1400
seq_rock3/DSC01653.JPG,0,175,1050,1050,1400
seq_rock3/DSC01655.JPG,0,175,1050,1050,1400
seq_rock3/DSC01656.JPG,0,175,1050,1050,1400
seq_rock3/DSC01657.JPG,0,175,1050,1050,1400
seq_rock3/DSC01658.JPG,0,175,1050,1050,1400
seq_rock3/DSC01659.JPG,0,175,1050,1050,1400
seq_rock3/DSC01660.JPG,0,175,1050,1050,1400
seq_rock3/DSC01661.JPG,0,175,1050,1050,1400
seq_rock3/DSC01662.JPG,0,175,1050,1050,1400
seq_rock3/DSC01663.JPG,0,175,1050,1050,1400
seq_rock3/DSC01664.JPG,0,175,1050,1050,1400
seq_rock3/DSC01665.JPG,0,175,1050,1050,1400
seq_rock3/DSC01666.JPG,0,175,1050,1050,1400
seq_rock3/DSC01667.JPG,0,175,1050,1050,1400
seq_rock3/DSC01668.JPG,0,175,1050,1050,1400
seq_rock3/DSC01669.JPG,0,175,1050,1050,1400
seq_rock3/DSC01670.JPG,0,175,1050,1050,1400
seq_rock3/DSC01671.JPG,0,175,1050,1050,1400
seq_rock3/DSC01672.JPG,0,175,1050,1050,1400
seq_rock3/DSC01673.JPG,0,175,1050,1050,1400
seq_rock3/DSC01674.JPG,0,175,1050,1050,1400
DSC01677.JPG,170,0,512,682,512
DSC01450.JPG,0,69,512,512,682
DSC01454.JPG,0,166,512,512,682
DSC01455.JPG,50,205,460,512,682
DSC01451.JPG,50,85,460,512,682
DSC01448.JPG,140,265,358,512,682
DSC01446.JPG,90,305,358,512,682
DSC01654.JPG,100,205,409,512,682
DSC01642.JPG,150,260,358,512,682
DSC01675.JPG,125,215,358,512,682
DSC01637.JPG,100,25,409,512,682
DSC01447.JPG,30,219,460,512,682
DSC01452.JPG,0,0,512,512,682
seq_molly_willow/1.JPG,0,500,3000,3000,4000
seq_molly_willow/2.JPG,0,500,3000,3000,4000
DSC000934.JPG,35,142,409,512,682
DSC000935.JPG,0,0,512,512,682
DSC000936.JPG,57,101,409,512,682
DSC000937.JPG,100,0,409,512,682
Col_DSC00443.JPG,219,49,460,682,512
Col_DSC00207.JPG,0,185,409,512,682
DSC00878.JPG,60,0,512,682,512
DSC01706.JPG,45,270,409,512,682
DSC01709.JPG,0,270,409,512,682
DSC01331.JPG,100,45,358,512,682
DSC001136.JPG,150,80,358,512,682
DSC001133.JPG,95,160,409,512,682
DSC001134.JPG,145,150,358,682,512
DSC001002.JPG,150,145,358,512,682
DSC001142.JPG,65,255,409,512,682
DSC001137.JPG,49,88,460,512,682
DSC001132.JPG,0,80,512,512,682
DSC001324.JPG,0,130,512,512,682
DSC001325.JPG,185,45,409,682,512
DSC00514.JPG,140,5,409,682,512
DSC00513.JPG,50,100,460,512,682
Col_DSC00461.JPG,84,0,512,682,512
DSC001005.JPG,62,30,409,512,682
0IMG_7125.JPG,0,295,358,512,682
0IMG_7127.JPG,0,0,512,512,682
0IMG_7126.JPG,0,5,460,512,682
0IMG_5965.JPG,125,0,358,682,512
0IMG_5963.JPG,20,10,409,682,512
0IMG_5964.JPG,60,50,358,682,512
0IMG_6037.JPG,0,0,358,512,682
0IMG_6892.JPG,10,0,512,682,512
0IMG_6036.JPG,5,220,460,512,682
0IMG_6044.JPG,60,10,358,512,512
0IMG_6039.JPG,100,40,409,512,512
0IMG_6040.JPG,100,40,409,512,512
0IMG_6038.JPG,35,0,460,682,512
0IMG_6042.JPG,35,50,460,512,512
0IMG_6043.JPG,100,100,409,512,512
0IMG_6041.JPG,50,30,409,512,512
0IMG_5987.JPG,50,115,409,512,682
0IMG_5986.JPG,0,10,409,512,512
0IMG_5989.JPG,0,0,409,512,682
0IMG_5988.JPG,0,0,409,512,682
0IMG_5996.JPG,20,70,358,512,512
0IMG_6083.JPG,130,70,358,512,682
DSC01432.JPG,0,320,358,512,682
DSC01434.JPG,25,71,460,512,682
DSC01374.JPG,50,10,460,512,682
DSC001126.JPG,45,300,358,512,682
DSC001125.JPG,20,62,358,512,682
DSC001127.JPG,0,215,460,512,682
DSC01530.JPG,5,70,460,512,682
0IMG_20260318_135856.jpg,50,255,358,512,682
0IMG_20260318_135857.jpg,5,65,460,512,682
DSC01527.JPG,0,0,512,512,682
DSC01494.JPG,50,140,460,512,682
DSC01469.JPG,0,115,460,512,682
DSC01528.JPG,15,170,460,512,682
DSC01558.JPG,140,85,358,512,682
DSC01571.JPG,100,235,358,512,682
DSC01568.JPG,100,100,409,512,682
DSC01557.JPG,105,180,358,512,682
DSC01569.JPG,150,165,358,512,682
DSC01570.JPG,145,190,358,512,682
DSC01559.JPG,45,80,460,512,682
DSC01525.JPG,0,95,409,512,682
DSC01470.JPG,60,240,358,512,682
DSC01474.JPG,220,50,460,682,512
DSC01473.JPG,0,0,512,682,512
DSC01471.JPG,20,82,460,512,682
DSC01472.JPG,0,0,460,512,682
DSC01475.JPG,0,55,460,512,682
DSC01477.JPG,0,0,512,512,682
DSC01523.JPG,150,130,358,512,682
DSC01524.JPG,95,171,409,512,682
DSC01531.JPG,85,211,409,512,682
DSC01459.JPG,0,0,512,512,682
DSC01461.JPG,62,121,358,512,682
DSC01453.JPG,10,90,409,512,682
DSC01598.JPG,0,170,512,512,682
DSC01597.JPG,180,50,460,682,512
DSC01691.JPG,5,145,460,512,682
DSC01689.JPG,20,215,460,512,682
DSC01690.JPG,0,219,460,512,682
DSC01678.JPG,87,85,409,512,682
DSC00802.JPG,15,0,409,682,512
DSC00798.JPG,90,245,409,512,682
DSC00797.JPG,150,305,358,512,682
DSC00795.JPG,0,169,512,512,682
0IMG_7499.JPG,222,30,409,682,512
DSC00924.JPG,100,40,409,512,682
DSC00664.JPG,50,160,460,512,682
DSC001243.JPG,50,250,358,512,682
DSC001229.JPG,55,305,358,512,682
DSC001223.JPG,25,220,460,512,682
DSC001224.JPG,0,0,409,512,682
DSC001225.JPG,10,15,409,512,682
DSC001211.JPG,91,0,409,682,512
DSC001197.JPG,34,0,409,512,682
DSC00933.JPG,0,120,512,512,682
DSC00960.JPG,220,55,409,682,512
DSC00959.JPG,230,60,358,682,512
DSC01030.JPG,0,145,512,512,682
DSC01047.JPG,100,220,409,512,682
DSC01024.JPG,0,140,460,512,682
0IMG_20260325_122833.jpg,0,255,358,512,682
DSC001279.JPG,85,220,409,512,682
DSC00920.JPG,150,140,358,512,682
DSC00972.JPG,90,150,358,682,512
0IMG_7254.JPG,0,85,409,512,682
DSC00634.JPG,0,0,512,512,2327
DSC00623.JPG,150,30,358,512,682
DSC00631.JPG,5,220,460,512,682
0IMG_9723.jpg,15,0,512,682,512
0IMG_9719.jpg,80,0,512,682,512
0IMG_9717.jpg,50,15,460,682,512
0IMG_9716.jpg,65,0,512,682,512
0IMG_9722.jpg,85,0,512,682,512
DSC001212.JPG,5,180,460,512,682
DSC001213.JPG,15,219,460,512,682
DSC00655.JPG,95,0,409,512,682
DSC00656.JPG,255,0,409,682,512
DSC00657.JPG,265,15,358,682,512
DSC00658.JPG,205,20,358,682,512
DSC00673.JPG,265,0,409,682,512
0IMG_7215.JPG,140,0,358,512,682
0IMG_7240.JPG,0,92,460,512,682
0IMG_7217.JPG,34,270,409,512,682
0IMG_7216.JPG,60,135,358,512,682
0IMG_7218.JPG,29,0,460,512,682
DSC00615.JPG,85,270,409,512,682
DSC00594.JPG,80,0,358,512,682
DSC00595.JPG,100,270,409,512,682
DSC00596.JPG,150,115,358,512,682
0DSC01062.JPG,0,0,512,512,682
0IMG_7227.JPG,0,0,358,512,682
DSC00569.JPG,100,20,460,682,512
DSC00568.JPG,15,160,409,512,682
DSC00576.JPG,100,270,409,512,682
DSC00577.JPG,50,220,460,512,682
DSC00570.JPG,15,25,460,512,682
DSC00571.JPG,135,0,409,682,512
DSC00572.JPG,150,5,409,682,512
DSC00573.JPG,0,180,409,512,682
DSC00581.JPG,210,55,358,682,512
DSC00580.JPG,195,5,409,682,512
DSC00574.JPG,285,130,358,682,512
DSC01015.JPG,150,160,358,512,682
DSC01017.JPG,250,55,409,682,512
DSC01016.JPG,65,165,358,512,682
DSC01019.JPG,180,35,409,682,512
DSC01020.JPG,290,50,358,682,512
DSC01021.JPG,280,35,358,682,512
DSC01014.JPG,0,155,512,512,682
DSC01013.JPG,0,170,512,512,682
DSC001191.JPG,100,210,409,512,682
DSC001190.JPG,195,150,358,682,512
DSC00651.JPG,215,50,460,682,512
DSC00584.JPG,0,166,460,512,682
DSC00639.JPG,55,35,409,512,682
DSC00548.JPG,75,120,358,682,512
DSC00733.JPG,10,102,460,512,682
DSC00712.JPG,0,0,512,512,682
DSC00711.JPG,0,85,409,512,682
DSC00693.JPG,0,95,512,512,682
DSC00611.JPG,130,145,358,512,682
DSC00610.JPG,50,110,460,512,682
DSC00721.JPG,35,0,512,682,512
0IMG_6683.JPG,150,90,358,512,682
0IMG_6687.JPG,130,0,512,682,512
0IMG_6821.JPG,115,65,409,682,512
0IMG_6819.JPG,90,55,409,682,512
0IMG_6820.JPG,85,60,409,682,512
0IMG_6641.JPG,170,0,512,682,512
0426C8DB9-A22A-4468-A2AC-C3D7EEDDF897.jpg,0,210,409,512,910
03C714867-C2D7-41AC-9E9B-C3F1E06C6C9D.jpg,383,50,460,910,512
06C66A55F-59CB-41EC-9C6A-BACFD05DB134.jpg,450,15,460,910,512
0DEC9D290-3736-4ED3-AE73-E1DDFE864B33.JPG,325,45,408,909,511
0IMG_20260325_095616.jpg,180,50,460,682,512
0IMG_20260325_095613.jpg,135,225,358,512,682
0IMG_20260325_122312.jpg,245,95,409,682,512
0IMG_20260325_122315.jpg,245,85,409,682,512
0IMG_20260325_151329.jpg,155,0,512,682,512
0IMG_20260325_151332.jpg,160,5,460,682,512
0IMG_20260324_175030.jpg,185,10,460,682,512
0IMG_20260324_175043.jpg,95,0,512,682,512
0IMG_9778.jpg,107,0,512,682,512
DSC001296.JPG,219,35,460,682,512
DSC01479.JPG,67,0,460,682,512
DSC01478.JPG,40,130,409,512,682
DSC001326.JPG,0,235,409,512,682
DSC000770.JPG,5,135,460,512,682
DSC000771.JPG,95,195,409,512,682
DSC000772.JPG,65,45,358,512,682
DSC000984.JPG,25,30,358,682,512
DSC01728.JPG,85,150,358,682,512
DSC01731.JPG,5,0,512,682,512
DSC000985.JPG,20,35,460,682,512
DSC01732.JPG,0,100,358,682,512
DSC01727.JPG,5,150,409,512,682
DSC01811.JPG,0,140,512,512,682
DSC01812.JPG,50,45,358,512,682
DSC01810.JPG,75,205,409,512,682
DSC01807.JPG,180,90,409,682,512
DSC00685.JPG,0,125,512,512,682
DSC00686.JPG,0,68,512,512,682
0IMG_7269.JPG,110,100,409,682,512
0IMG_3002.jpg,268,0,409,682,512
0IMG_3003.jpg,320,50,358,682,512
0IMG_6847.JPG,155,0,512,682,512
0IMG_6848.JPG,150,0,512,682,512
0IMG_6874.JPG,40,0,358,682,512
0IMG_6873.JPG,40,15,358,682,512
0IMG_6875.JPG,55,5,358,682,512
DSC00696.JPG,50,15,460,512,682
DSC00695.JPG,0,20,460,512,682
0IMG_6724.JPG,37,141,409,512,682
Col_DSC00494.JPG,130,0,512,682,512
Col_DSC00492.JPG,0,63,512,512,682
Col_DSC00493.JPG,0,90,512,512,682
DSC000980.JPG,145,5,358,682,512
DSC000979.JPG,60,75,358,512,682
DSC000982.JPG,72,91,358,682,512
Col_DSC00491.JPG,20,0,460,682,512
Col_DSC00490.JPG,35,55,409,682,512
Col_DSC00234.JPG,80,0,512,682,512
Col_DSC00247.JPG,150,90,358,682,512
DSC01404.JPG,214,49,460,682,512
DSC00869.JPG,270,30,409,682,512
DSC00870.JPG,245,15,409,682,512
0IMG_6321.JPG,120,80,358,682,512
0IMG_6005.JPG,210,20,358,682,512
0IMG_6004.JPG,290,85,358,682,512
0IMG_6384.JPG,5,150,460,512,682
0IMG_6385.JPG,0,45,512,512,682
0IMG_6387.JPG,195,10,409,682,512
0IMG_6386.JPG,150,0,512,682,512
0IMG_6386(1).JPG,160,0,512,682,512
0IMG_6984.JPG,10,150,358,512,682
0IMG_7011.JPG,0,125,512,512,682
0IMG_7012.JPG,0,168,512,512,682
0IMG_7005.JPG,130,90,358,512,682
0IMG_7004.JPG,29,96,460,512,682
0IMG_7010.JPG,76,10,358,512,682
DSC001097.JPG,6,265,409,512,682
DSC00814.JPG,270,95,409,682,512
DSC00873.JPG,140,100,409,682,512
Col_DSC00458.JPG,50,0,512,682,512
Col_DSC00457.JPG,0,25,512,512,682
Col_DSC00456.JPG,0,65,512,512,682
DSC00538.JPG,0,10,358,512,682
DSC00516.JPG,0,89,512,512,682
DSC01740.JPG,49,58,460,512,682
DSC01739.JPG,0,10,460,512,682
DSC00523.JPG,76,0,512,682,512
DSC00515.JPG,150,225,358,512,682
DSC00856.JPG,0,170,460,512,682
DSC00857.JPG,5,135,460,512,682
DSC00859.JPG,65,40,460,682,512
DSC00860.JPG,0,158,409,512,682
DSC00858.JPG,55,0,512,682,512
DSC00855.JPG,0,169,512,512,682
DSC00854.JPG,45,0,460,682,512
Col_DSC00317.JPG,5,115,358,512,682
DSC000891.JPG,0,110,512,512,682
0IMG_7082.JPG,50,165,460,512,682
DSC000972.JPG,70,320,358,512,682
Col_DSC00295.JPG,0,184,409,512,682
Col_DSC00294.JPG,0,185,409,512,682
DSC000828.JPG,15,35,460,512,682
Col_DSC00337.JPG,100,105,409,512,682
DSC000997.JPG,320,120,358,682,512
DSC01700.JPG,310,150,358,682,512
DSC01334.JPG,101,96,358,682,512
DSC00505.JPG,168,0,512,682,512
Col_DSC00228.JPG,51,302,460,512,911
Col_DSC00227.JPG,0,5,512,512,682
Col_DSC00384.JPG,153,0,512,682,512
DSC00501.JPG,50,45,460,512,682
DSC00503.JPG,29,220,460,512,682
Col_DSC00296.JPG,0,81,460,512,682
0IMG_6664.PNG,80,0,512,1109,512
DSC00675.JPG,0,55,512,512,682
DSC01575.JPG,150,0,358,512,682
DSC01574.JPG,10,60,409,512,682
DSC01499.JPG,0,45,460,512,682
DSC01498.JPG,0,10,460,512,682
DSC01500.JPG,55,55,358,512,682
DSC01476.JPG,15,240,409,512,682
0IMG_20260413_154319.jpg,0,170,512,512,682
0IMG_20260413_154322.jpg,0,205,409,512,682
0IMG_20260413_154328.jpg,5,0,358,512,682
0IMG_20260413_154326.jpg,0,105,512,512,682
0IMG_20260413_152140.jpg,205,65,358,682,512
0IMG_20260413_152139.jpg,220,70,358,682,512
0IMG_20260413_152136.jpg,145,130,358,512,682
0IMG_20260413_152133.jpg,100,50,409,512,682
0IMG_20260413_152132.jpg,150,60,358,512,682
0IMG_20260413_152415.jpg,0,215,460,512,682
0IMG_20260413_124427.jpg,100,145,409,512,682
0IMG_20260413_123232.jpg,150,10,358,512,682
0IMG_20260413_123444.jpg,45,320,358,512,682
0IMG_20260413_123442.jpg,35,47,460,512,682
0IMG_20260413_152357.jpg,0,300,358,512,682
0IMG_6134.JPG,215,10,358,682,512
DSC01394.JPG,250,65,358,682,512
DSC01401.JPG,49,20,460,512,682
DSC01395.JPG,175,20,460,682,512
DSC01497.JPG,60,150,409,512,682
DSC01636.JPG,60,220,409,512,682
DSC01635.JPG,0,165,512,512,682
DSC01493.JPG,45,195,358,512,682
DSC01488.JPG,25,25,358,512,682
DSC01373.JPG,0,210,460,512,682
DSC01372.JPG,55,165,358,512,682
DSC01371.JPG,60,160,358,512,682
DSC01363.JPG,65,20,358,512,682
DSC001130.JPG,10,250,358,512,682
DSC001129.JPG,0,305,358,512,682
DSC001128.JPG,0,45,358,512,682
DSC01576.JPG,50,150,358,512,682
DSC01572.JPG,15,135,358,512,682
DSC01580.JPG,106,0,358,512,682
DSC01496.JPG,80,0,409,512,682
DSC001178.JPG,30,210,409,512,682
DSC001168.JPG,85,0,409,512,682
DSC001169.JPG,30,210,460,512,682
DSC01480.JPG,40,125,460,512,682
DSC01560.JPG,100,270,409,512,682
DSC01567.JPG,125,150,358,682,512
DSC01563.JPG,145,0,512,682,512
DSC01565.JPG,95,0,512,682,512
DSC01564.JPG,145,0,460,682,512
DSC01562.JPG,140,0,512,682,512
DSC01561.JPG,100,100,409,512,682
DSC01566.JPG,155,50,460,682,512
DSC001173.JPG,100,0,409,512,682
DSC001174.JPG,145,0,358,512,682
DSC001175.JPG,140,90,358,512,682
DSC001160.JPG,5,20,460,512,682
DSC001161.JPG,40,200,409,512,682
DSC001232.JPG,150,0,358,512,682
DSC001231.JPG,55,90,409,512,682
0IMG_20260413_072339.jpg,67,25,409,512,682
0IMG_20260412_104719.jpg,50,170,409,512,682
0IMG_20260412_104717.jpg,5,65,460,512,682
DSC01577.JPG,100,165,358,512,682
DSC01460.JPG,0,0,409,512,682
DSC01629.JPG,0,305,358,512,682
DSC01529.JPG,50,120,358,512,682
DSC01526.JPG,50,145,460,512,682
DSC01441.JPG,0,275,358,512,682
DSC01442.JPG,10,280,358,512,682
DSC01443.JPG,15,285,358,512,682
DSC01444.JPG,5,295,358,512,682
DSC01445.JPG,10,35,358,512,682
DSC01521.JPG,20,195,358,512,682
DSC01522.JPG,10,90,409,512,682
DSC01386.JPG,0,270,409,512,682
DSC01419.JPG,75,155,358,512,682
DSC01396.JPG,75,115,409,512,682
DSC01397.JPG,0,118,512,512,682
DSC01393.JPG,107,44,460,682,512
DSC01403.JPG,30,199,460,512,682
DSC01402.JPG,35,199,460,512,682
DSC01491.JPG,130,130,358,682,512
DSC01492.JPG,170,0,512,682,512
DSC00612.JPG,0,0,358,682,512
DSC00603.JPG,30,220,460,512,682
DSC00600.JPG,49,219,460,512,682
0IMG_7236.JPG,34,210,409,512,682
0IMG_7238.JPG,100,195,409,512,682
DSC00563.JPG,39,153,460,512,682
DSC00561.JPG,0,113,512,512,682
0IMG_7247.JPG,0,10,512,512,682
0IMG_20260323_134305.jpg,0,170,512,512,682
0IMG_20260326_150139.jpg,50,545,460,512,1161
0IMG_20260326_150140.jpg,50,700,460,512,1161
0IMG_20260326_150146.jpg,100,195,358,512,682
0IMG_20260326_150145.jpg,100,245,358,512,682
0IMG_20260326_150333.jpg,197,10,358,682,512
0IMG_20260326_150214.jpg,40,220,460,512,682
0IMG_20260326_150212.jpg,0,210,460,512,682
0IMG_20260326_150327.jpg,0,0,512,682,512
0IMG_20260326_150326.jpg,0,0,512,682,512
DSC00549.JPG,145,0,460,682,512
DSC00801.JPG,80,0,512,682,512
DSC00863.JPG,0,130,512,512,682
DSC00865.JPG,0,185,409,512,682
DSC00864.JPG,210,10,409,682,512
DSC00866.JPG,0,255,358,512,682
0IMG_7068.JPG,100,5,409,512,910
DSC00507.JPG,100,300,358,512,682
Col_DSC00209.JPG,150,10,409,682,512
Col_DSC00470.JPG,305,150,358,682,512
Col_DSC00465.JPG,150,200,358,512,682
DSC001018.JPG,140,0,512,682,512
DSC001012.JPG,100,245,409,512,682
DSC001011.JPG,50,180,460,512,682
DSC001013.JPG,85,260,409,512,682
DSC001020.JPG,45,10,409,682,512
DSC001019.JPG,14,0,409,682,512
0IMG_6026.JPG,35,0,460,512,512
0IMG_6027.JPG,40,5,460,512,512
0IMG_6029.JPG,145,135,358,512,512
0IMG_6028.JPG,150,150,358,512,512
DSC001014.JPG,150,235,358,512,682
DSC001015.JPG,50,210,460,512,682
0IMG_6064.JPG,140,320,358,512,682
0IMG_6586.JPG,100,39,409,512,682
0IMG_6612(1).JPG,195,0,512,716,512
0IMG_6976.JPG,85,360,358,512,910
Col_DSC00390.JPG,49,210,460,512,682
0IMG_6853.JPG,100,245,358,512,682
0IMG_7014.JPG,55,0,409,512,682
0IMG_6613.JPG,80,215,358,512,682
0IMG_6614.JPG,75,195,409,512,682
0IMG_6612.JPG,30,0,460,512,682
0IMG_6863.JPG,0,169,512,512,682
0IMG_6685.JPG,0,310,358,512,682
0IMG_6684.JPG,0,280,358,512,682
0IMG_6801.JPG,5,135,460,512,682
0IMG_6818.JPG,60,20,460,682,512
0IMG_6817.JPG,55,20,460,682,512
0IMG_6810.JPG,0,0,512,682,512
0IMG_6816.JPG,10,15,460,682,512
0IMG_6800.JPG,70,5,358,512,682
0IMG_6713.JPG,50,0,409,512,682
0IMG_6799.JPG,105,95,409,682,512
0IMG_6798.JPG,45,0,512,682,512
0IMG_6802.JPG,45,15,460,682,512
0IMG_6803.JPG,40,10,409,682,512
0IMG_6806.JPG,50,100,409,682,512
0IMG_6807.JPG,81,100,409,682,512
0IMG_6808.JPG,0,0,512,512,682
0IMG_6827.JPG,50,95,409,512,682
0IMG_6828.JPG,50,90,409,512,682
0IMG_6826.JPG,5,5,358,512,682
Col_DSC00404.JPG,50,70,409,683,512
Col_DSC00406.JPG,0,135,460,512,682
Col_DSC00405.JPG,60,0,358,512,682
0IMG_6597.JPG,10,35,358,512,910
0IMG_6595.JPG,0,185,358,512,682
0IMG_6407.JPG,145,25,358,512,682
Col_DSC00354.JPG,40,94,358,512,682
Col_DSC00355.JPG,15,171,358,512,682
Col_DSC00363.JPG,30,64,358,512,682
Col_DSC00362.JPG,0,315,358,512,682
Col_DSC00348.JPG,45,0,409,682,512
Col_DSC00349.JPG,20,35,409,512,682
Col_DSC00371.JPG,40,180,460,512,683
Col_DSC00380.JPG,30,40,460,512,682
Col_DSC00381.JPG,20,55,409,512,682
Col_DSC00361.JPG,110,250,358,512,682
Col_DSC00352.JPG,20,130,358,512,682
Col_DSC00350.JPG,0,0,512,512,682
Col_DSC00351.JPG,0,0,512,512,682
DSC01087.JPG,58,0,512,682,512
DSC01085.JPG,25,0,512,682,512
DSC01088.JPG,80,270,409,512,682
DSC01052.JPG,150,15,409,682,512
DSC00930.JPG,170,30,358,682,512
DSC01057.JPG,105,245,358,512,682
0IMG_6051.JPG,0,150,512,512,682
0IMG_6307.JPG,50,0,358,512,1231
0IMG_20260324_145436.jpg,5,0,512,682,512
0IMG_20260324_145433.jpg,0,0,512,682,512
0IMG_20260324_145427.jpg,45,65,409,682,512
0IMG_20260324_145410.jpg,0,150,358,682,512
0IMG_20260324_145417.jpg,0,145,358,682,512
DSC00932.JPG,295,55,358,682,512
0IMG_7406.JPG,150,195,358,512,682
0IMG_7405.JPG,100,150,409,512,682
0IMG_7415.JPG,55,0,358,682,512
0IMG_6285.JPG,0,5,358,512,682
0IMG_6286.JPG,145,50,358,512,682
0IMG_20260325_095604.jpg,25,20,460,682,512
0IMG_20260325_143422.jpg,49,79,358,682,512
0IMG_20260324_155941.jpg,170,0,512,682,512
0IMG_6295.JPG,150,0,512,682,512
0IMG_7341.JPG,5,126,409,512,682
0IMG_20260325_134314.jpg,110,155,358,512,682
0IMG_20260325_134712.jpg,185,50,460,682,512
0IMG_20260325_134719.jpg,205,0,460,682,512
DSC01059.JPG,10,25,409,512,682
DSC01060.JPG,0,25,358,512,682
0IMG_7009.JPG,0,115,512,512,682
DSC00828.JPG,100,158,409,512,682
Col_DSC00320.JPG,144,0,460,682,512
DSC000829.JPG,95,10,409,512,682
Col_DSC00319.JPG,5,0,409,512,682
0IMG_6923.PNG,421,30,409,1109,512
0IMG_7178.JPG,34,38,460,512,682
0IMG_6982.JPG,150,10,358,512,682
DSC01803.JPG,0,135,512,512,682
uyuniDSC01842.JPG,0,5,512,512,682
0IMG_5889.jpg,110,0,358,682,512
0IMG_6981.JPG,50,220,460,512,682
Col_DSC00448.JPG,50,135,460,512,682
DSC000790.JPG,50,130,460,512,682
DSC000788.JPG,95,195,358,512,682
DSC000782.JPG,140,205,358,512,682
DSC000783.JPG,140,200,358,512,682
DSC000781.JPG,145,200,358,512,682
DSC000785.JPG,90,95,409,512,682
DSC000786.JPG,50,65,460,512,682
DSC000816.JPG,0,90,512,512,682
DSC000815.JPG,0,170,512,512,682
DSC01742.JPG,30,320,358,512,682
Col_DSC00464.JPG,215,150,358,682,512
Col_DSC00463.JPG,135,295,358,512,682
DSC00525.JPG,20,0,358,512,682
0IMG_6067.JPG,169,0,512,682,512
DSC00818.JPG,0,134,512,512,682
0IMG_6247.JPG,190,100,409,682,512
DSC000995.JPG,0,134,512,512,682
DSC000996.JPG,0,95,512,512,682
DSC000965.JPG,5,0,512,682,512
0IMG_6077.JPG,0,170,409,512,682
DSC000893.JPG,49,59,460,512,682
DSC000889.JPG,0,5,409,512,682
0IMG_7067.JPG,0,105,512,512,682
DSC01073.JPG,0,0,512,512,682
DSC001006.JPG,95,45,409,682,512
DSC001007.JPG,0,50,460,682,512
0IMG_7040.JPG,190,0,409,682,512
0IMG_7042.JPG,150,0,512,682,512
0IMG_7043.JPG,150,0,512,682,512
0IMG_7041.JPG,144,0,512,682,512
DSC001131.JPG,0,0,409,512,682
Col_DSC00189.JPG,45,20,460,512,682
Col_DSC00302.JPG,0,1085,512,512,2334
DSC00780.JPG,219,15,460,682,512
DSC00834.JPG,15,168,358,512,682
DSC00836.JPG,20,150,358,512,682
DSC00837.JPG,0,145,512,512,682
DSC00835.JPG,40,71,460,512,682
DSC00737.JPG,60,0,409,512,682
DSC01733.JPG,50,220,460,512,682
DSC01734.JPG,45,145,460,512,682
DSC00839.JPG,150,95,358,512,682
DSC00840.JPG,55,200,409,512,682
DSC00846.JPG,150,35,358,682,512
DSC000777.JPG,20,205,409,512,682
DSC00826.JPG,150,15,358,512,682
DSC00842.JPG,25,130,409,512,682
DSC00843.JPG,0,145,512,512,682
DSC00844.JPG,0,120,460,512,682
DSC00845.JPG,130,50,460,682,512
DSC00852.JPG,100,10,409,512,682
DSC00853.JPG,135,0,358,512,682
0IMG_5818.jpg,155,100,409,682,512
uyuniDSC01832.JPG,150,15,358,512,682
uyuniDSC01839.JPG,0,100,512,512,682
DSC01797.JPG,152,0,460,682,512
DSC000988.JPG,0,0,409,682,512
DSC000991.JPG,80,0,512,682,512
DSC000983.JPG,100,30,460,682,512
DSC01729.JPG,10,15,409,682,512
uyuniDSC01838.JPG,71,111,358,512,682
uyuniDSC01837.JPG,70,95,358,512,682
uyuniDSC01873.JPG,100,179,409,512,682
DSC000831.JPG,0,15,512,512,682
0IMG_20260324_174952.jpg,255,65,358,682,512
DSC001162.JPG,50,180,358,512,682
DSC01365.JPG,85,240,358,512,682
0IMG_20260327_173546.jpg,150,315,358,512,682
DSC00862.JPG,125,220,358,512,682
Col_DSC00315.JPG,74,5,409,512,682
uyuniDSC01833.JPG,20,57,460,512,682
uyuniDSC01834.JPG,50,100,460,512,682
Col_DSC00329.JPG,0,0,460,512,682
DSC000989.JPG,64,35,358,682,512
DSC000990.JPG,0,165,512,512,682
DSC01730.JPG,127,25,460,682,512
DSC01794.JPG,0,170,512,512,682
DSC01743.JPG,0,0,512,512,682
DSC01744.JPG,0,10,512,512,682
DSC01745.JPG,20,67,460,512,682
DSC01746.JPG,20,145,460,512,682
DSC000830.JPG,0,0,460,512,682
DSC01425.JPG,50,195,460,512,682
DSC01426.JPG,0,140,512,512,682
DSC01424.JPG,25,160,460,512,682
DSC001327.JPG,100,150,409,512,682
DSC00886.JPG,0,165,512,512,682
DSC01722.JPG,115,245,358,512,682
DSC01725.JPG,97,25,460,682,512
DSC01724.JPG,30,50,460,512,682
DSC01726.JPG,5,138,460,512,682
DSC01723.JPG,0,30,512,512,682
DSC01809.JPG,75,315,358,512,682
DSC01721.JPG,67,150,358,512,682
DSC01720.JPG,0,135,512,512,682
DSC00728.JPG,5,107,460,512,682
DSC00727.JPG,40,119,460,512,682
DSC00732.JPG,50,175,460,512,682
DSC00731.JPG,0,169,512,512,682
DSC00821.JPG,150,260,358,512,682
DSC00901.JPG,137,25,460,682,512
DSC00898.JPG,130,195,358,512,682
DSC00899.JPG,150,200,358,512,682
DSC00900.JPG,135,205,358,512,682
DSC00769.JPG,95,10,409,512,682
DSC00820.JPG,49,40,460,512,682
DSC01376.JPG,0,60,512,512,682
Col_DSC00265.JPG,25,320,358,512,682
Col_DSC00264.JPG,55,290,358,512,682
Col_DSC00267.JPG,0,220,358,512,682
DSC00743.JPG,20,167,460,512,682
DSC00744.JPG,0,110,512,512,682
DSC00742.JPG,0,85,512,512,682
DSC00745.JPG,80,85,409,682,512
DSC00598.JPG,20,145,460,512,682
Col_DSC00272.JPG,40,100,409,682,512
Col_DSC00270.JPG,0,46,512,512,682
DSC01790.JPG,140,0,512,682,512
DSC01789.JPG,5,0,512,682,512
DSC01787.JPG,44,219,460,512,682
DSC01785.JPG,55,110,409,512,682
DSC01784.JPG,10,90,409,512,682
DSC01783.JPG,0,100,409,512,682
DSC01786.JPG,110,0,512,682,512
029E845A2-2566-413A-B971-B9AAE0598DDD.jpg,50,175,460,512,910
0IMG_6012.jpg,35,15,409,682,512
0IMG_20260413_124921.jpg,164,30,409,682,512
DSC00736.JPG,0,150,512,512,682
DSC000736.JPG,0,150,512,512,682
0IMG_6797.JPG,20,0,512,682,512
0IMG_6796.JPG,50,180,460,512,682
0IMG_6271.JPG,169,0,512,682,512
0IMG_6272.JPG,205,25,460,682,512
0IMG_20260325_093930.jpg,0,170,512,512,682
0IMG_20260325_092849.jpg,150,205,358,512,682
0IMG_20260325_105307.jpg,126,5,409,682,512
0IMG_20260325_105322.jpg,220,100,409,682,512
0IMG_20260325_105327.jpg,145,100,409,682,512
0IMG_20260325_105326.jpg,150,100,409,682,512
0IMG_20260325_105324.jpg,235,5,409,682,512
0IMG_20260325_105311.jpg,135,35,460,682,512
0IMG_20260325_105316.jpg,130,0,460,682,512
0IMG_20260325_074241.jpg,170,0,512,682,512
0IMG_9774.jpg,185,5,358,682,512
0IMG_20260325_082010.jpg,145,195,358,512,682
0IMG_7385.JPG,220,50,460,682,512
0IMG_7384.JPG,210,65,409,682,512
0IMG_7383.JPG,105,0,409,682,512
0IMG_7329.JPG,50,25,358,682,512
DSC01018.JPG,114,0,512,682,512
DSC00536.JPG,100,45,409,512,682
DSC00535.JPG,45,225,409,512,682
0IMG_6411.JPG,135,210,358,512,682
0IMG_6594.JPG,90,205,358,512,682
0IMG_6249.JPG,150,20,358,512,682
0IMG_6248.JPG,145,220,358,512,682
0IMG_6169.JPG,29,93,460,512,682
0IMG_6987.JPG,130,0,358,512,682
0IMG_6617.JPG,95,10,358,512,682
DSC001119.JPG,105,0,358,512,682
DSC001118.JPG,145,15,358,512,682
0IMG_2958.jpg,0,170,512,512,682
0IMG_6267.JPG,100,270,409,512,682
0IMG_6854.JPG,49,104,409,512,682
0IMG_6682.JPG,10,85,460,512,682
0IMG_6681.JPG,0,110,460,512,682
0IMG_6680.JPG,50,170,358,512,682
0IMG_6674.JPG,5,75,460,512,682
0IMG_6675.JPG,45,60,409,512,682
0IMG_6712.JPG,150,320,358,512,682
0IMG_6714.JPG,0,28,512,512,682
0IMG_6709.JPG,175,75,409,682,512
0IMG_6404.JPG,49,130,460,512,682
0IMG_3025.jpg,50,255,409,512,682
0IMG_3022.jpg,0,135,460,512,682
0IMG_6393.JPG,55,190,358,512,682
0IMG_3020.jpg,75,185,409,512,682
0IMG_3021.jpg,0,153,512,512,682
0IMG_6367.JPG,72,150,409,512,682
0IMG_6363.JPG,40,85,358,512,682
0IMG_6364.JPG,40,50,358,512,682
0IMG_3014.jpg,95,0,512,682,512
0IMG_3013.jpg,5,90,460,512,682
0IMG_3012.jpg,65,110,358,512,682
0IMG_6361.JPG,45,90,409,512,682
0IMG_6362.JPG,105,80,358,512,682
0IMG_6359(1).JPG,0,270,409,512,910
0IMG_6359.JPG,0,275,409,512,910
0IMG_6360.JPG,45,310,358,512,682
0IMG_6360(1).JPG,55,320,358,512,682
0IMG_6366.JPG,75,175,358,512,682
DSC01466.JPG,20,80,358,512,682
DSC00918.JPG,150,240,358,512,682
DSC00917.JPG,77,106,409,512,682
0IMG_5994.JPG,49,58,409,682,512
0IMG_5990.JPG,124,35,358,682,512
0IMG_5954.JPG,51,62,358,512,682
0IMG_6023.JPG,135,0,358,512,682
0IMG_6022.JPG,145,0,358,512,682
0IMG_5985.JPG,150,0,358,512,512
0IMG_6035.JPG,0,10,409,512,682
0IMG_6076.JPG,0,140,512,512,682
0IMG_6075.JPG,0,90,512,512,682
0IMG_20260318_074133.jpg,165,115,358,682,512
DSC000939.JPG,150,0,358,512,682
DSC000938.JPG,150,0,358,512,682
DSC000834.JPG,0,0,409,512,682
DSC001004.JPG,0,168,512,512,682
DSC01748.JPG,5,40,409,512,682
Col_DSC00484.JPG,0,148,512,512,682
0IMG_7073.JPG,125,120,358,512,682
0IMG_7076.JPG,265,115,358,682,512
0IMG_7075.JPG,100,105,409,512,682
0IMG_7074.JPG,0,139,512,512,682
Col_DSC00487.JPG,0,155,512,512,682
Col_DSC00486.JPG,85,175,409,512,682
Col_DSC00481.JPG,0,135,512,512,682
DSC00725.JPG,135,200,358,512,682
0IMG_6572.JPG,0,235,409,512,682
Col_DSC00314.JPG,0,139,512,512,682
DSC01546.JPG,100,315,358,512,682
0IMG_20260326_142759.jpg,219,0,460,682,512
0IMG_7099.JPG,0,50,460,512,682
0IMG_6696.JPG,120,200,358,512,682
0IMG_6893.JPG,120,65,409,682,512
DSC00785.JPG,25,45,460,682,512
0IMG_9882.jpg,164,0,512,682,512
0IMG_6995.JPG,50,62,358,512,682
0IMG_9880.jpg,15,45,460,682,512
0IMG_9881.jpg,169,0,512,682,512
0IMG_9879.jpg,265,150,358,682,512
0IMG_9876.jpg,160,0,512,682,512
0IMG_9877.jpg,230,0,409,682,512
0IMG_9878.jpg,260,0,358,682,512
0IMG_6994.JPG,55,260,358,512,682
Col_DSC00453.JPG,0,180,460,512,682
DSC00500.JPG,0,0,409,512,682
Col_DSC00485.JPG,49,149,460,512,682
Col_DSC00462.JPG,49,191,409,512,682
Col_DSC00455.JPG,0,159,512,512,682
DSC00903.JPG,100,158,409,512,682
Col_DSC00477.JPG,15,125,358,512,682
Col_DSC00480.JPG,0,250,409,512,682
0IMG_7162.JPG,0,115,358,512,682
0IMG_6084.JPG,255,85,409,682,512
0IMG_5982.JPG,175,15,460,682,512
0IMG_6085.JPG,150,230,358,512,682
0IMG_6124.JPG,140,0,512,682,512
0IMG_6125.JPG,155,0,512,682,512
0IMG_6065.JPG,205,50,460,682,512
0IMG_6050.JPG,15,166,358,512,682
DSC00499.JPG,169,0,512,682,512
0IMG_6578.JPG,25,20,460,512,682
0IMG_6579.JPG,0,0,512,512,682
DSC00773.JPG,150,240,358,512,682
DSC00524.JPG,205,145,358,682,512
0IMG_6086.JPG,33,0,512,682,512
0IMG_6087.JPG,130,0,358,682,512
DSC00895.JPG,100,45,460,682,512
DSC00890.JPG,55,85,358,512,682
DSC00892.JPG,0,85,409,512,682
DSC00891.JPG,25,75,409,512,682
DSC00894.JPG,30,150,460,512,682
DSC00893.JPG,5,255,358,512,682
DSC000975.JPG,15,170,358,512,682
DSC000976.JPG,0,220,460,512,682
DSC000974.JPG,0,100,358,512,682
Col_DSC00298.JPG,100,0,409,512,682
DSC00772.JPG,150,275,358,512,682
0IMG_6692.JPG,25,66,409,512,682
0IMG_7121.JPG,200,0,358,682,512
DSC000773.JPG,49,169,460,512,682
0IMG_6375.JPG,35,250,409,512,682
0IMG_6376.JPG,35,270,409,512,682
DSC01420.JPG,44,0,460,512,682
DSC01423.JPG,0,90,512,512,682
DSC01422.JPG,140,45,358,512,682
DSC01421.JPG,140,60,358,512,682
DSC01820.JPG,120,245,358,512,682
DSC00758.JPG,65,260,409,512,682
DSC00757.JPG,10,250,409,512,682
DSC00755.JPG,0,92,512,512,682
DSC00761.JPG,0,95,358,512,682
DSC000971.JPG,0,15,512,512,682
DSC00729.JPG,265,99,409,682,512
DSC000977.JPG,64,121,358,682,512
Col_DSC00341.JPG,0,90,460,512,682
DSC01375.JPG,150,20,358,512,682
0IMG_20260404_190506.jpg,68,5,358,682,512
0IMG_20260404_193854.jpg,0,0,512,682,512
DSC000832.JPG,0,160,512,512,682
DSC000774.JPG,80,120,358,512,682
0IMG_7198.JPG,0,0,512,682,512
0IMG_7195.PNG,595,0,512,1109,512
0IMG_7199.JPG,245,95,358,682,512
05208eecd-9ee2-4930-9ba8-1a6b8e695990.jpg,280,5,358,680,512
04a29fbd1-291c-48fb-b44a-aafb124fe008.jpg,300,0,358,680,512
0c54783a1-e82c-4300-b1fa-ccc579467669.jpg,295,5,358,680,512
0b4b21200-4bf8-4dc8-9148-563d770c842d.jpg,285,5,358,680,512
0IMG_6013.jpg,0,15,460,512,682
0IMG_6014.jpg,40,60,409,512,682
0IMG_6015.jpg,0,30,409,512,682
0f18ada42-aa2a-46bc-a875-53d827697016.jpg,0,20,512,512,682
0IMG_20260414_112611.jpg,50,75,460,512,682
0IMG_6649.JPG,100,270,409,512,682
0IMG_6648.JPG,50,245,409,512,682
0IMG_6643.JPG,0,160,512,512,682
0202e5bf1-8df9-44a2-ad53-84f74aa67e67.jpg,0,0,409,682,512
0IMG_2856.jpg,105,0,512,682,512
0IMG_2855.jpg,110,0,512,682,512
0IMG_2852.jpg,110,0,512,682,512
0IMG_2851.jpg,102,15,460,682,512
0IMG_2854.jpg,150,0,512,682,512
0IMG_2853.jpg,133,0,512,682,512
0IMG_6174.JPG,219,50,460,682,512
DSC001124.JPG,95,270,409,512,682
DSC000968.JPG,105,115,358,682,512
DSC000970.JPG,0,5,409,682,512
DSC000966.JPG,30,113,358,512,682
DSC000967.JPG,0,0,358,682,512
07eac9d48-a5b8-41ce-9383-43855c15970a.jpg,167,0,512,680,512
079689e74-cf21-4359-9c30-dd4e23c0c2da.jpg,168,0,512,680,512
0IMG_20260327_173635.jpg,100,225,358,512,682
0IMG_20260327_173644.jpg,100,250,409,512,682
0IMG_20260327_173645.jpg,0,115,358,512,682
0IMG_20260327_173614.jpg,150,310,358,512,682
0IMG_20260327_173555.jpg,45,100,460,512,682
0IMG_20260327_173551.jpg,0,105,512,512,682
0IMG_20260412_093856.jpg,245,0,409,682,512
0IMG_20260414_101537.jpg,141,52,409,682,512
DSC001298.JPG,0,15,460,682,512
DSC00739.JPG,50,150,358,682,512
DSC00739 (2).JPG,50,150,358,682,512
Col_DSC00307.JPG,50,141,460,512,682
DSC01822.JPG,10,0,460,512,682
0IMG_7185.JPG,35,0,512,682,512
0IMG_7186.JPG,50,0,512,682,512
0IMG_20260326_220252.jpg,44,10,460,512,682
DSC01532.JPG,30,106,460,512,682
DSC00790.JPG,10,30,460,682,512
DSC00789.JPG,60,50,460,682,512
DSC00787.JPG,10,0,512,682,512
DSC00788.JPG,0,0,512,682,512
DSC000784.JPG,0,115,460,512,682
DSC01330.JPG,35,62,460,512,682
DSC001257.JPG,0,170,512,512,682
0IMG_6070.JPG,250,150,358,682,512
0IMG_6071.JPG,115,135,358,682,512
DSC000964.JPG,96,62,358,512,682
DSC01359.JPG,49,10,460,512,682
DSC01360.JPG,15,210,409,512,682
uyuniDSC01865.JPG,15,180,409,512,682
Col_DSC00229.JPG,0,394,512,512,911
DSC00819.JPG,44,54,460,512,682
DSC01369.JPG,0,5,512,512,682
DSC01366.JPG,30,15,358,512,682
Col_DSC00190.JPG,50,0,409,512,682
Col_DSC00242.JPG,150,45,460,682,512
Col_DSC00239.JPG,235,100,409,682,512
Col_DSC00237.JPG,0,135,460,512,682
Col_DSC00193.JPG,150,220,358,512,682
Col_DSC00226.JPG,15,5,460,512,682
Col_DSC00199.JPG,49,91,460,512,682
DSC000960.JPG,0,187,358,512,682
0IMG_7524.JPG,15,50,460,682,512
0IMG_6625.JPG,215,0,460,682,512
0fbebd44e-79f7-47b8-8a37-5ef90e9491c4.jpg,0,15,409,682,512
DSC01765.JPG,35,47,460,512,682
DSC01764.JPG,15,30,460,512,682
DSC001149.JPG,25,190,358,512,682
uyuniDSC01836.JPG,0,0,512,512,682
uyuniDSC01835.JPG,0,25,512,512,682
DSC001297.JPG,170,0,512,682,512
DSC001295.JPG,145,0,512,682,512
DSC001294.JPG,150,0,512,682,512
DSC00722.JPG,50,0,460,512,682
0IMG_9745.jpg,110,0,460,682,512
0IMG_9744.jpg,32,0,460,682,512
0IMG_7378.JPG,210,50,460,682,512
0IMG_7377.JPG,0,0,512,682,512
0IMG_7354.JPG,90,0,512,682,512
0IMG_7355.JPG,155,0,460,682,512
0IMG_7356.JPG,90,5,460,682,512
0IMG_7374.JPG,65,0,512,682,512
0IMG_7357.JPG,152,0,358,682,512
0IMG_7376.JPG,75,150,358,512,682
0IMG_7375.JPG,80,0,512,682,512
0IMG_6733.JPG,40,49,460,682,512
0IMG_6731.JPG,0,170,512,512,682
0IMG_6732.JPG,5,195,460,512,682
0IMG_20260325_165929.jpg,0,210,409,512,682
DSC01490.JPG,30,0,358,512,682
DSC01741.JPG,150,160,358,512,682
0IMG_7171.JPG,125,20,460,682,512
0IMG_6019 (1).jpg,100,200,409,512,682
DSC01697.JPG,120,150,358,682,512
DSC00750.JPG,130,30,460,682,512
DSC00749.JPG,94,0,512,682,512
DSC00816.JPG,210,150,358,682,512
DSC01556.JPG,195,75,358,682,512
DSC01439.JPG,65,0,512,682,512
DSC001266.JPG,270,10,409,682,512
DSC001267.JPG,150,315,358,512,682
DSC001208.JPG,0,0,358,512,682
DSC001209.JPG,0,0,358,512,682
0IMG_9682.jpg,280,40,358,682,512
0IMG_9679.jpg,215,69,409,682,512
0IMG_9684.jpg,250,50,409,682,512
0IMG_9680.jpg,250,50,409,682,512
0IMG_9683.jpg,300,5,358,682,512
0IMG_9681.jpg,300,5,358,682,512
0IMG_9678.jpg,230,30,358,682,512
0IMG_9677.jpg,164,5,460,682,512
0IMG_9748.jpg,160,0,512,682,512
0IMG_9776.jpg,105,76,358,682,512
DSC001252.JPG,65,235,409,512,682
DSC001253.JPG,50,90,460,512,682
DSC001251.JPG,0,0,409,512,682
0IMG_9746.jpg,75,10,358,682,512
0IMG_9739.jpg,0,0,512,682,512
0IMG_9740.jpg,85,45,358,682,512
0IMG_9741.jpg,5,0,512,682,512
0IMG_9742.jpg,15,35,460,682,512
0IMG_9848.jpg,223,75,409,682,512
0IMG_9850.jpg,185,50,358,682,512
0IMG_9773.jpg,220,20,460,682,512
0IMG_20260324_161558.jpg,0,153,512,512,682
0IMG_9777.jpg,138,0,409,682,512
0IMG_20260325_075430.jpg,155,75,358,682,512
0IMG_20260325_075433.jpg,110,25,460,682,512
0IMG_20260325_075437.jpg,100,50,460,682,512
0IMG_6270.JPG,20,155,409,512,682
Col_DSC00415.JPG,30,95,358,512,682
Col_DSC00436.JPG,65,320,358,512,682
DSC00674.JPG,90,70,409,512,682
0IMG_6308.JPG,20,679,358,512,1244
0IMG_7204.JPG,160,60,358,682,512
0IMG_7203.JPG,120,20,409,682,512
DSC00541.JPG,111,205,358,512,682
DSC00542.JPG,0,210,460,512,682
DSC00692.JPG,15,5,460,682,512
DSC00691.JPG,0,92,512,512,682
Col_DSC00428.JPG,25,215,358,512,682
Col_DSC00429.JPG,5,225,358,512,682
Col_DSC00426.JPG,5,150,409,512,682
Col_DSC00427.JPG,10,115,409,512,682
Col_DSC00432.JPG,0,195,358,512,682
Col_DSC00433.JPG,15,115,358,512,682
Col_DSC00431.JPG,20,185,358,512,682
Col_DSC00418.JPG,60,145,358,512,682
Col_DSC00419.JPG,170,70,358,682,512
Col_DSC00438.JPG,65,0,512,682,512
0IMG_6769.JPG,65,40,358,512,682
0IMG_6768.JPG,150,35,358,512,682
0IMG_20260325_122307.jpg,145,0,512,682,512
0IMG_7417.JPG,0,45,512,512,682
0IMG_20260325_111937.jpg,155,50,460,682,512
0IMG_20260325_110107.jpg,125,0,512,682,512
0IMG_20260325_110104.jpg,90,0,512,682,512
DSC00949.JPG,115,170,358,512,682
DSC00998.JPG,100,60,409,512,682
DSC00997.JPG,0,80,409,512,682
DSC00931.JPG,85,70,409,512,682
Col_DSC00347.JPG,0,155,512,512,682
DSC00684.JPG,0,30,512,512,682
DSC00683.JPG,0,108,512,512,682
DSC00669.JPG,150,200,358,512,682
DSC00668.JPG,110,210,358,512,682
DSC001001.JPG,44,265,409,512,682
DSC00519.JPG,120,175,358,512,682
Col_DSC00391.JPG,20,5,358,512,682
0IMG_6569.JPG,57,5,409,682,512
0IMG_6568.JPG,95,0,512,682,512
0IMG_6526.JPG,215,95,409,682,512
0IMG_6527.JPG,250,100,409,682,512
0IMG_6753.JPG,10,95,460,512,682
0IMG_6716.JPG,0,219,460,512,682
0IMG_6639.JPG,65,0,512,682,512
0IMG_6739.JPG,150,0,512,682,512
0IMG_6740.JPG,170,0,512,682,512
0IMG_6754.JPG,145,44,358,682,512
0IMG_6240.JPG,320,135,358,682,512
Col_DSC00360.JPG,10,174,460,512,682
DSC00815.JPG,0,0,358,512,682
DSC01062.JPG,0,215,409,512,682
DSC01065.JPG,0,40,512,512,682
DSC01064.JPG,40,95,460,512,682
DSC01063.JPG,50,90,358,512,682
0IMG_9642.jpg,265,35,409,682,512
0IMG_9641.jpg,300,50,358,682,512
0IMG_7370.JPG,55,0,512,682,512
0IMG_6741.JPG,320,70,358,682,512
0IMG_6742.JPG,235,50,358,682,512
DSC01750.JPG,150,0,512,682,512
DSC01588.JPG,260,95,409,682,512
DSC01582.JPG,168,0,512,682,512
DSC01584.JPG,152,0,460,682,512
DSC01581.JPG,90,50,460,682,512
DSC01583.JPG,0,0,512,682,512
0IMG_20260413_074549.jpg,195,25,409,682,512
DSC01586.JPG,210,100,358,682,512
DSC01585.JPG,170,77,358,682,512
DSC01589.JPG,150,120,358,512,682
DSC01587.JPG,235,135,358,682,512
DSC01590.JPG,145,295,358,512,682
DSC01592.JPG,10,130,409,512,682
DSC01591.JPG,77,56,409,512,682
DSC01595.JPG,25,120,358,512,682
DSC01596.JPG,55,115,409,512,682
DSC01594.JPG,10,150,358,512,682
DSC01593.JPG,0,170,358,512,682
DSC01079.JPG,20,15,460,512,682
DSC01078.JPG,0,90,409,512,682
DSC01083.JPG,168,0,512,682,512
DSC01084.JPG,219,4,460,682,512
DSC00968.JPG,40,165,460,512,682
DSC00969.JPG,5,200,460,512,682
DSC00971.JPG,0,20,512,512,682
DSC00970.JPG,0,71,460,512,682
DSC01046.JPG,0,310,358,512,682
0IMG_20260324_145443.jpg,5,0,460,512,682
0IMG_7340.JPG,113,45,460,682,512
0IMG_20260324_145327.jpg,25,0,358,682,512
0IMG_7345.JPG,105,30,358,682,512
0IMG_7346.JPG,90,0,409,682,512
0IMG_7347.JPG,150,5,358,682,512
0IMG_6755.JPG,70,100,409,682,512
0IMG_6756.JPG,150,0,460,682,512
0IMG_6711.JPG,35,15,409,682,512
0IMG_6710.JPG,145,60,358,682,512
Col_DSC00283.JPG,15,134,460,512,682
Col_DSC00284.JPG,0,149,512,512,682
DSC01782.JPG,145,305,358,512,682
DSC01779.JPG,0,0,512,512,682
DSC01781.JPG,0,0,358,682,512
DSC01780.JPG,145,210,358,512,682
DSC01788.JPG,150,55,358,512,682
DSC01791.JPG,0,145,512,512,682
DSC01533.JPG,15,181,460,512,682
DSC00793.JPG,167,72,358,682,512
Col_DSC00321.JPG,20,0,460,682,512
Col_DSC00322.JPG,100,115,409,512,682
Col_DSC00318.JPG,0,95,409,512,682
Col_DSC00326.JPG,0,50,460,682,512
Col_DSC00325.JPG,15,0,358,682,512
Col_DSC00324.JPG,0,15,409,512,682
Col_DSC00323.JPG,0,10,460,512,682
Col_DSC00221.JPG,0,130,512,512,682
0IMG_6007.JPG,0,0,512,512,512
0IMG_20260324_145323.jpg,62,10,358,682,512
0IMG_6676.JPG,125,150,358,682,512
DSC01687.JPG,0,80,512,512,682
DSC01012.JPG,130,260,358,512,682
DSC01043.JPG,0,155,512,512,682
DSC01042.JPG,0,150,512,512,682
DSC01405.JPG,10,200,460,512,682
DSC01406.JPG,5,205,409,512,682
DSC01686.JPG,30,255,358,512,682
DSC01489.JPG,150,70,358,512,682
DSC001027.JPG,90,70,409,512,682
DSC001026.JPG,90,175,409,512,682
0IMG_6606.JPG,42,146,409,512,682
0IMG_6607.JPG,40,200,460,512,682
0IMG_6258.JPG,160,0,512,682,512
DSC000897.JPG,150,100,358,512,682
Col_DSC00316.JPG,100,250,409,512,682
0IMG_3043.jpg,0,100,358,682,512
0IMG_6830.JPG,0,115,409,512,682
DSC001287.JPG,10,219,460,512,682
0IMG_20260325_165008.jpg,210,150,358,682,512
DSC01815.JPG,144,0,460,682,512
DSC01814.JPG,170,0,460,682,512
Col_DSC00413.JPG,0,85,358,682,512
DSC000896.JPG,50,205,460,512,682
Col_DSC00291.JPG,60,0,358,512,682
Col_DSC00288.JPG,35,165,358,512,682
Col_DSC00292.JPG,40,120,460,512,682
0IMG_20260329_171407.jpg,270,65,409,682,512
0IMG_7007.JPG,80,54,409,512,682
0IMG_7500.JPG,100,270,409,512,682
DSC00539.JPG,44,220,409,512,682
DSC00533.JPG,110,60,358,512,682
0IMG_7501.JPG,5,20,358,512,682
DSC00715.JPG,45,130,409,512,682
DSC00716.JPG,0,105,512,512,682
DSC00717.JPG,0,145,512,512,682
DSC00718.JPG,50,0,460,512,682
DSC00706.JPG,0,70,512,512,682
0IMG_7509.JPG,240,30,409,682,512
0IMG_7515.JPG,220,0,460,682,512
0IMG_7502.JPG,120,0,512,682,512
0IMG_7510.JPG,155,0,512,682,512
0IMG_7438.JPG,125,100,409,682,512
0IMG_7437.JPG,20,0,409,682,512
0IMG_7421.JPG,80,120,409,512,682
0IMG_7442.JPG,95,165,358,512,682
DSC00703.JPG,90,210,358,512,682
0IMG_7443.JPG,0,82,460,512,682
0IMG_7424.JPG,15,320,358,512,682
0IMG_7429.JPG,5,265,358,512,682
0IMG_7425.JPG,5,310,358,512,682
0IMG_7428.JPG,15,250,358,512,682
0IMG_7427.JPG,10,300,358,512,682
0IMG_7426.JPG,5,295,358,512,682
0IMG_7423.JPG,35,145,358,512,682
0IMG_7422.JPG,125,165,358,512,682
0IMG_7275.JPG,60,50,460,682,512
0IMG_20260325_111936.jpg,25,100,409,682,512
Col_DSC00366.JPG,95,0,358,512,682
Col_DSC00369.JPG,0,235,409,512,682
Col_DSC00370.JPG,10,300,358,512,682
Col_DSC00368.JPG,0,30,512,512,682
Col_DSC00407.JPG,145,145,358,512,682
Col_DSC00357.JPG,95,40,460,682,512
Col_DSC00356.JPG,150,105,358,682,512
Col_DSC00364.JPG,65,270,409,512,682
Col_DSC00365.JPG,105,55,358,682,512
Col_DSC00372.JPG,50,285,358,512,682
Col_DSC00378.JPG,85,85,358,512,682
Col_DSC00377.JPG,0,55,512,512,682
0IMG_5974.JPG,150,0,358,512,682
0IMG_5966.JPG,320,5,358,682,512
0IMG_6636.JPG,0,235,409,512,682
0IMG_6634.JPG,150,0,512,682,512
DSC000817.JPG,60,220,358,512,682
DSC000814.JPG,35,85,460,512,682
DSC000812.JPG,50,140,460,512,682
DSC000813.JPG,50,105,460,512,682
DSC000811.JPG,49,28,460,512,682
0IMG_3047.jpg,150,300,358,512,682
0IMG_3045.jpg,135,300,358,512,682
0IMG_6369.JPG,40,220,460,512,682
0IMG_6371.JPG,145,210,358,512,682
0IMG_6370.JPG,150,200,358,512,682
0IMG_7488.JPG,0,100,409,512,682
0IMG_7487.JPG,0,110,409,512,682
0IMG_7485.JPG,45,0,358,512,682
044f4b9b0-a662-4963-9f0e-4d663a165fc9.jpg,101,0,460,680,512
020f1be39-e4cd-495e-9de6-637a411cb176.jpg,140,0,512,682,512
0IMG_6836.JPG,90,95,358,682,512
0IMG_6837.JPG,155,80,409,682,512
0IMG_6838.JPG,125,50,460,682,512
0IMG_6584.JPG,135,0,460,682,512
0IMG_6583.JPG,0,0,512,682,512
0IMG_6190.JPG,0,0,358,682,512
0IMG_6670.JPG,115,0,512,682,512
0IMG_6018.jpg,0,100,409,682,512
0IMG_6017.jpg,120,0,512,682,512
0IMG_6006.JPG,190,44,409,682,512
0IMG_6980.JPG,10,185,460,512,682
0IMG_7172.JPG,150,250,358,512,682
0IMG_7170.JPG,87,0,358,682,512
0IMG_7168.JPG,105,5,358,682,512
0IMG_7167.JPG,100,5,358,682,512
0IMG_7166.JPG,100,0,358,682,512
0IMG_7165.JPG,95,45,358,682,512
DSC00521.JPG,52,200,358,512,682
DSC00767.JPG,0,70,512,512,682
DSC00766.JPG,35,270,409,512,682
DSC00759.JPG,0,0,512,682,512
DSC00762.JPG,25,0,512,682,512
DSC00763.JPG,0,0,512,682,512
DSC00753.JPG,0,115,358,512,682
DSC000765.JPG,0,0,409,512,682
DSC00765.JPG,0,0,409,512,682
DSC00754.JPG,20,45,358,512,682
DSC00760.JPG,45,0,512,682,512
DSC00756.JPG,0,10,512,512,682
DSC00764.JPG,0,170,512,512,682
DSC00752.JPG,5,175,460,512,682
DSC00884.JPG,109,0,512,682,512
DSC01370.JPG,0,150,512,512,682
DSC01040.JPG,141,10,460,682,512
DSC01039.JPG,40,0,512,682,512
DSC01041.JPG,50,0,512,682,512
DSC01696.JPG,20,184,460,512,682
0IMG_6846.JPG,7,42,358,512,682
0IMG_6764.JPG,320,0,358,682,512
0IMG_6763.JPG,55,100,409,682,512
0IMG_6762.JPG,50,90,409,682,512
0IMG_6761.JPG,45,100,409,682,512
0IMG_6760.JPG,60,100,409,682,512
0IMG_6895.JPG,150,315,358,512,682
061651ed9-2b60-46be-994e-f385ef2f0036.jpg,157,10,460,680,512
DSC01749.JPG,115,320,358,512,682
DSC00527.JPG,118,0,512,682,512
DSC01705.JPG,0,0,512,512,682
DSC00817.JPG,130,230,358,512,682
DSC01713.JPG,215,20,409,682,512
DSC00912.JPG,89,50,460,682,512
Col_DSC00447.JPG,0,245,409,512,682
DSC01361.JPG,5,116,460,512,682
DSC01066.JPG,100,225,409,512,682
DSC01076.JPG,35,151,460,512,682
DSC00861.JPG,78,215,358,512,682
DSC01440.JPG,145,275,358,512,682
DSC000746.JPG,95,250,409,512,682
DSC00746.JPG,95,250,409,512,682
DSC00748.JPG,0,62,409,512,682
DSC001003.JPG,50,155,460,512,682
DSC001148.JPG,210,35,460,682,512
DSC001010.JPG,85,0,460,682,512
DSC001009.JPG,45,0,512,682,512
DSC001008.JPG,50,0,512,682,512
Col_DSC00478.JPG,127,10,460,682,512
Col_DSC00451.JPG,270,55,409,682,512
Col_DSC00450.JPG,150,185,358,512,682
Col_DSC00452.JPG,90,265,409,512,682
Col_DSC00454.JPG,50,15,358,512,682
DSC01356.JPG,50,0,460,512,682
DSC01357.JPG,34,45,460,512,682
DSC01353.JPG,0,20,460,512,682
0IMG_6074.JPG,100,260,409,512,682
DSC01355.JPG,145,200,358,512,682
DSC01354.JPG,130,245,358,512,682
DSC01352.JPG,140,235,358,512,682
DSC01350.JPG,130,135,358,512,682
DSC01351.JPG,145,65,358,512,682
0IMG_5971.JPG,140,295,358,512,682
0IMG_5969.JPG,100,0,358,512,682
0IMG_5970.JPG,100,215,409,512,682
0IMG_5977.JPG,100,80,409,512,682
0IMG_7066.JPG,100,170,409,512,682
0IMG_7065.JPG,40,110,460,512,682
DSC00877.JPG,69,44,460,682,512
DSC00874.JPG,90,320,358,512,682
DSC00872.JPG,20,219,460,512,682
DSC001153.JPG,0,135,512,512,682
DSC001152.JPG,0,55,512,512,682
DSC001028.JPG,60,270,409,512,682
DSC01693.JPG,0,10,358,512,682
DSC000963.JPG,45,135,358,512,682
DSC000961.JPG,0,123,512,512,682
DSC000962.JPG,0,90,512,512,682
0IMG_6883.JPG,5,0,460,682,512
0IMG_6998.JPG,270,80,409,682,512
0IMG_6999.JPG,260,80,409,682,512
0IMG_6997.JPG,245,90,409,682,512
0IMG_6997(1).JPG,250,95,409,682,512
0IMG_6417.JPG,175,0,358,682,512
0IMG_6418.JPG,0,117,460,512,682
0IMG_7379.JPG,81,0,512,682,512
0IMG_6290.JPG,70,145,409,512,682
0IMG_2970.jpg,140,45,460,682,512
0IMG_2967.jpg,160,0,512,682,512
0IMG_6378.JPG,5,110,358,512,682
0IMG_9827.jpg,200,50,409,682,512
0IMG_7308.JPG,0,149,512,512,682
0IMG_6306.JPG,0,149,512,512,682
0IMG_5973.JPG,0,60,512,512,682
0IMG_6325.JPG,145,180,358,512,682
0IMG_6324.JPG,140,175,358,512,682
0IMG_6327.JPG,150,105,358,512,682
0IMG_6326.JPG,150,0,358,512,682
0IMG_5628.jpg,145,260,358,512,682
0IMG_6303.JPG,0,150,512,512,682
0IMG_6302.JPG,0,145,512,512,682
0IMG_6301.JPG,0,110,512,512,682
0IMG_6300.JPG,0,155,460,512,682
0IMG_6299.JPG,10,165,460,512,682
0IMG_6298.JPG,50,150,460,512,682
0IMG_7449.JPG,5,1307,408,511,1718
DSC001099.JPG,80,270,409,512,682
DSC001098.JPG,90,185,409,512,682
DSC001100.JPG,135,30,358,512,682
DSC001101.JPG,0,5,460,512,682
DSC001114.JPG,150,0,358,512,682
DSC001102.JPG,0,167,460,512,682
DSC001107.JPG,0,168,512,512,682
DSC001112.JPG,165,0,512,682,512
DSC001113.JPG,145,15,460,682,512
DSC01540.JPG,110,0,512,682,512
DSC01542.JPG,70,120,358,512,682
0IMG_6686.JPG,145,140,358,682,512
0IMG_9764.jpg,165,90,358,682,512
0IMG_9767.jpg,200,20,460,682,512
0IMG_9768.jpg,109,0,512,682,512
0IMG_9762.jpg,167,0,512,682,512
DSC01082.JPG,110,5,358,682,512
DSC01080.JPG,100,0,358,682,512
DSC01081.JPG,90,5,358,682,512
0IMG_20260325_142040.jpg,0,150,358,682,512
DSC00652.JPG,205,70,358,682,512
DSC00641.JPG,5,0,460,512,682
DSC00973.JPG,143,0,512,682,512
DSC00555.JPG,310,150,358,682,512
DSC00987.JPG,129,0,409,682,512
DSC00986.JPG,55,115,358,512,682
DSC00988.JPG,165,25,358,682,512
DSC00989.JPG,160,25,358,682,512
DSC00991.JPG,160,20,358,682,512
DSC00990.JPG,160,15,358,682,512
DSC01001.JPG,140,15,460,682,512
DSC01002.JPG,0,150,512,512,682
DSC01004.JPG,0,205,460,512,682
DSC01003.JPG,0,210,460,512,682
DSC00936.JPG,150,75,358,682,512
DSC00963.JPG,62,35,460,682,512
DSC01049.JPG,40,0,460,682,512
DSC01048.JPG,70,0,512,682,512
DSC00964.JPG,0,0,460,512,682
DSC00553.JPG,50,216,460,512,682
DSC00701.JPG,0,145,358,512,682
0IMG_7420.JPG,55,195,409,512,682
0IMG_7419.JPG,50,10,460,512,682
0IMG_9842.jpg,0,0,460,682,512
Col_DSC00416.JPG,150,185,358,512,682
DSC01068.JPG,0,165,512,512,682
DSC01069.JPG,0,155,460,512,682
DSC01070.JPG,90,25,460,682,512
DSC01071.JPG,50,0,512,682,512
DSC01072.JPG,0,0,512,682,512
DSC01067.JPG,0,0,512,512,682
0IMG_6020.JPG,280,130,358,682,512
DSC01077.JPG,0,20,512,512,682
DSC001276.JPG,42,82,358,512,682
DSC001277.JPG,15,48,460,512,682
DSC001275.JPG,0,20,409,512,682
DSC001286.JPG,82,160,409,512,682
DSC001292.JPG,77,20,358,512,682
DSC001291.JPG,85,55,409,512,682
DSC001293.JPG,140,25,409,682,512
0IMG_20260325_095631.jpg,0,110,512,512,682
0IMG_20260325_095630.jpg,0,95,512,512,682
0IMG_3039.jpg,220,15,460,682,512
0IMG_6829.JPG,0,5,460,682,512
0IMG_6864.JPG,275,30,358,682,512
0IMG_6429.JPG,10,160,358,512,682
0IMG_7389.JPG,125,0,358,682,512
0IMG_2981.jpg,40,125,358,512,682
0IMG_2982.jpg,45,115,358,512,682
0IMG_9669.jpg,195,0,358,682,512
0IMG_9668.jpg,175,0,358,682,512
0IMG_9666.jpg,170,10,358,682,512
0IMG_9665.jpg,165,15,358,682,512
0IMG_9667.jpg,220,0,358,682,512
DSC01548.JPG,0,252,358,512,682
DSC001282.JPG,5,205,358,512,682
DSC00867.JPG,0,170,409,512,682
DSC00868.JPG,0,29,512,512,682
DSC00697.JPG,0,155,460,512,682
0IMG_7454.JPG,150,100,358,512,682
0IMG_2965.jpg,145,0,358,682,512
0IMG_6778.JPG,48,0,512,682,512
0IMG_6779.JPG,100,0,512,682,512
0IMG_20260325_114608.jpg,155,75,409,682,512
0IMG_20260325_114610.jpg,205,0,409,682,512
0IMG_20260325_114616.jpg,145,100,409,682,512
0IMG_20260325_114614.jpg,200,0,460,682,512
0IMG_20260325_114604.jpg,195,40,460,682,512
0IMG_20260325_114618.jpg,20,20,460,682,512
0IMG_20260325_124845.jpg,220,30,460,682,512
0IMG_20260325_124846.jpg,150,0,512,682,512
0IMG_20260324_160132.jpg,30,150,409,512,682
0IMG_20260325_114745.jpg,219,5,460,682,512
0IMG_20260325_090250~2.jpg,44,0,409,828,512
0IMG_20260325_090250.jpg,15,60,358,682,512
0IMG_20260325_090155.jpg,0,0,460,512,682
0IMG_20260325_090206.jpg,105,35,460,682,512
0IMG_20260325_090149.jpg,5,195,460,512,682
0IMG_20260325_090217.jpg,10,5,460,682,512
0IMG_20260325_090152.jpg,0,220,460,512,682
0IMG_20260325_121149.jpg,102,15,460,682,512
0IMG_20260325_121152.jpg,165,0,512,682,512
0IMG_20260325_121158.jpg,270,25,409,682,512
0IMG_20260325_160911.jpg,0,49,460,682,512
0IMG_7511.JPG,205,20,460,682,512
0IMG_20260325_112721.jpg,95,50,460,682,512
0IMG_20260325_112724.jpg,205,55,358,682,512
0IMG_9821.jpg,155,40,358,682,512
0IMG_20260325_112713.jpg,94,20,460,682,512
0IMG_20260325_112715.jpg,107,20,460,682,512
DSC000778.JPG,22,193,358,512,682
Col_DSC00224.JPG,0,87,358,512,682
0IMG_7018.JPG,0,100,512,512,682
0IMG_7021.JPG,30,433,460,512,910
0IMG_7016.JPG,15,199,460,512,682
Col_DSC00434.JPG,0,200,358,512,682
Col_DSC00206.JPG,85,0,358,512,682
0IMG_2986.jpg,100,0,409,512,682
0IMG_2987.jpg,150,80,358,512,682
0IMG_6522.JPG,5,215,409,512,682
0IMG_6424.JPG,60,0,512,632,512
0IMG_6337(1).JPG,50,0,512,632,512
0IMG_6337.JPG,100,0,512,682,512
DSC00508.JPG,50,200,409,512,682
Col_DSC00243.JPG,77,162,358,512,682
DSC01537.JPG,77,162,358,512,682
DSC01806.JPG,77,162,358,512,682
0IMG_6377.JPG,77,162,358,512,682
DSC01805.JPG,100,100,358,512,682
DSC001111.JPG,0,0,358,512,682
DSC001195.JPG,50,50,358,512,682
DSC001194.JPG,150,270,358,512,682
DSC001210.JPG,65,320,358,512,682
0IMG_7480.JPG,219,49,460,682,512
0IMG_7479.JPG,250,35,409,682,512
0IMG_7478.JPG,0,94,409,512,682
0IMG_7288.JPG,0,170,512,512,682
0IMG_7286.JPG,0,0,512,512,682
0IMG_7289.JPG,100,245,409,512,682
0IMG_7365.JPG,10,25,409,512,682
0IMG_7366.JPG,50,5,409,512,682
DSC001103.JPG,50,285,358,512,682
0IMG_6168.JPG,60,295,358,512,682
0IMG_6167.JPG,50,310,358,512,682
0IMG_6170.JPG,0,25,512,512,682
0IMG_7211.JPG,85,25,358,512,682
DSC01338.JPG,5,205,358,512,682
DSC00881.JPG,0,85,512,512,682
Col_DSC00358.JPG,90,245,358,512,682
Col_DSC00359.JPG,39,171,358,512,682
Col_DSC00353.JPG,145,160,358,512,682
Col_DSC00375.JPG,24,219,460,512,682
0IMG_6408.JPG,0,0,460,512,682
0IMG_6409.JPG,0,170,512,512,682
Col_DSC00344.JPG,15,1455,409,512,2334
Col_DSC00289.JPG,105,15,358,512,682
0IMG_5979.JPG,100,0,409,682,512
0IMG_5962.JPG,0,75,512,512,682
0IMG_5960.JPG,0,225,358,512,682
0IMG_7102.JPG,0,472,512,512,984
0IMG_6388.JPG,90,265,409,512,682
0IMG_6389.JPG,135,295,358,512,682
0IMG_7287.JPG,100,175,358,512,682
0IMG_7184.JPG,100,295,358,512,682
0IMG_6558.JPG,5,110,358,512,682
0IMG_6550.JPG,5,155,460,512,682
0IMG_6561.JPG,25,25,460,682,512
0IMG_6552.JPG,43,30,460,682,512
0IMG_3046.jpg,100,245,409,512,682
DSC00688.JPG,85,105,358,512,682
DSC00689.JPG,85,100,358,512,682
DSC00690.JPG,62,25,409,512,682
DSC01378.JPG,45,205,460,512,682
uyuniDSC01878.JPG,240,20,409,682,512
uyuniDSC01877.JPG,223,29,409,682,512
DSC01715.JPG,0,150,512,512,682
DSC01714.JPG,0,150,512,512,682
Col_DSC00309.JPG,300,65,358,682,512
Col_DSC00310.JPG,136,35,409,564,512
Col_DSC00308.JPG,150,205,358,512,682
0IMG_6048.JPG,195,145,358,682,512
0IMG_5614.jpg,50,200,460,512,682
DSC00724.JPG,130,170,358,512,682
DSC00723.JPG,0,169,512,512,682
DSC00832.JPG,120,240,358,512,682
DSC00741.JPG,0,30,512,512,682
DSC01817.JPG,30,0,460,512,682
DSC00768.JPG,50,50,460,512,682
DSC001329.JPG,145,170,358,512,682
DSC001328.JPG,100,86,409,512,682
DSC001319.JPG,49,219,460,512,682
0IMG_20260326_155520.jpg,0,210,409,512,682
0IMG_20260326_155518.jpg,50,250,358,512,682
0IMG_20260326_155517.jpg,50,250,358,512,682
0IMG_20260326_154739.jpg,100,250,409,512,682
0IMG_20260326_154738.jpg,100,250,409,512,682
0IMG_20260326_154737.jpg,95,250,409,512,682
0IMG_20260326_154740.jpg,95,250,409,512,682
0IMG_20260326_154750.jpg,95,300,358,512,682
0IMG_20260326_154749.jpg,90,300,358,512,682
0IMG_20260326_154751.jpg,95,300,358,512,682
0IMG_20260326_154752.jpg,100,300,358,512,682
DSC01695.JPG,130,150,358,512,682
DSC00824.JPG,150,180,358,512,682
DSC00825.JPG,140,135,358,512,682
Col_DSC00335.JPG,15,95,460,512,682
Col_DSC00333.JPG,45,140,460,512,682
Col_DSC00331.JPG,30,156,460,512,682
DSC001316.JPG,0,170,512,512,682
DSC001315.JPG,0,170,512,512,682
DSC001289.JPG,55,200,358,512,682
DSC001290.JPG,66,171,358,512,682
0IMG_7476.JPG,113,0,409,682,512
0IMG_6869.JPG,220,0,460,682,512
0IMG_6291.JPG,150,250,358,512,682
0IMG_6292.JPG,150,250,358,512,682
0IMG_6843.JPG,220,50,460,682,512
0IMG_6844.JPG,220,35,460,682,512
0IMG_6790.JPG,0,35,512,512,682
0IMG_9845.jpg,25,0,409,682,512
0IMG_9843.jpg,107,30,460,682,512
0IMG_9844.jpg,140,0,512,682,512
0IMG_9841.jpg,220,50,460,682,512
0IMG_9847.jpg,121,0,512,682,512
0IMG_20260324_152615.jpg,45,0,358,512,682
DSC001205.JPG,50,180,460,512,682
DSC001204.JPG,100,180,409,512,682
DSC001247.JPG,100,185,409,512,682
DSC00922.JPG,0,150,512,512,682
DSC000940.JPG,0,85,512,512,682
DSC000941.JPG,100,0,409,512,682
DSC01554.JPG,0,45,358,512,682
DSC01553.JPG,0,0,358,512,682
DSC01555.JPG,0,165,358,512,682
DSC01541.JPG,64,30,358,512,682
DSC01539.JPG,230,100,409,682,512
DSC01538.JPG,240,100,409,682,512
DSC01535.JPG,140,145,358,512,682
DSC01536.JPG,320,85,358,682,512
DSC01552.JPG,315,120,358,682,512
DSC01551.JPG,100,270,409,512,682
DSC01368.JPG,170,100,409,682,512
DSC01367.JPG,100,250,409,512,682
DSC01362.JPG,60,285,358,512,682
DSC00909.JPG,76,25,460,682,512
DSC00907.JPG,5,143,409,512,682
DSC00908.JPG,0,150,409,512,682
DSC00823.JPG,40,111,460,512,682
0IMG_7188.JPG,45,10,409,512,682
0IMG_7189.JPG,0,15,409,512,682
0IMG_6990.JPG,32,115,358,512,682
0IMG_20260329_181235.jpg,0,170,512,512,682
0IMG_20260329_150013.jpg,60,145,358,512,682
0IMG_20260329_150016.jpg,40,50,460,512,682
0IMG_7169.JPG,285,0,358,682,512
Col_DSC00336.JPG,50,185,460,512,682
DSC000969.JPG,190,150,358,682,512
DSC001154.JPG,0,240,409,512,682
DSC01467.JPG,85,120,358,512,682
DSC01634.JPG,34,163,409,512,682
DSC01632.JPG,0,135,512,512,682
DSC01633.JPG,0,120,512,512,682
DSC01631.JPG,0,175,409,512,682
DSC01407.JPG,0,140,512,512,682
DSC01630.JPG,39,185,409,512,682
DSC01579.JPG,39,0,460,512,682
DSC01573.JPG,95,111,409,512,682
DSC01578.JPG,0,107,460,512,682
DSC01468.JPG,35,320,358,512,682
DSC01465.JPG,0,0,358,512,682
0IMG_7231.JPG,100,79,409,512,682
DSC00905.JPG,39,204,460,512,682
DSC00906.JPG,0,50,512,512,682
DSC00904.JPG,0,60,512,512,682
DSC00910.JPG,40,150,460,512,682
DSC00911.JPG,50,145,460,512,682
0IMG_6988.JPG,100,220,409,512,682
DSC01336.JPG,15,118,460,512,682
DSC01335.JPG,150,320,358,512,682
DSC00876.JPG,310,0,358,682,512
DSC001313.JPG,10,10,358,512,682
DSC00694.JPG,150,50,358,512,682
DSC00687.JPG,15,0,358,512,682
0IMG_20260325_082007.jpg,110,10,358,512,682
0IMG_20260324_152621.jpg,150,280,358,512,682
0IMG_20260324_152623.jpg,135,105,358,512,682
0IMG_20260324_152625.jpg,130,100,358,512,682
0IMG_20260324_152627.jpg,145,120,358,512,682
0IMG_20260324_152619.jpg,150,70,358,512,682
0IMG_20260325_092847.jpg,150,275,358,512,682
0IMG_20260325_082013.jpg,150,255,358,512,682
0IMG_20260325_082004.jpg,150,60,358,512,682
DSC001284.JPG,140,110,358,512,682
DSC001281.JPG,102,134,358,512,682
DSC00682.JPG,0,50,409,512,682
DSC00681.JPG,10,82,409,512,682
0IMG_20260325_135346.jpg,84,0,358,682,512
0IMG_7466.JPG,0,124,358,512,682
DSC01011.JPG,150,210,358,512,682
DSC01033.JPG,140,15,358,512,682
DSC01032.JPG,195,0,409,682,512
0IMG_5976.JPG,290,75,358,682,512
0IMG_5975.JPG,100,0,512,682,512
Col_DSC00285.JPG,0,169,512,512,682
Col_DSC00287.JPG,20,0,358,512,682
0IMG_6415.JPG,85,69,409,512,682
DSC00518.JPG,0,55,460,512,682
0IMG_7105.JPG,95,0,358,512,682
0IMG_7104.JPG,105,0,358,512,682
0IMG_7110.JPG,100,180,358,512,910
0IMG_7111.JPG,0,435,409,512,910
DSC001023.JPG,10,0,358,512,682
DSC01344.JPG,100,180,409,512,682
DSC01345.JPG,100,5,409,512,682
DSC00544.JPG,0,40,512,512,682
DSC00545.JPG,100,0,512,682,512
DSC00880.JPG,0,0,512,512,682
DSC00879.JPG,0,165,512,512,682
0IMG_20260410_125625.jpg,235,40,409,682,512
0IMG_20260410_125626.jpg,245,65,409,682,512
0IMG_20260410_125618.jpg,210,5,460,682,512
0IMG_20260410_125621.jpg,170,0,460,682,512
0IMG_20260410_125622.jpg,150,0,512,682,512
0IMG_20260410_125627.jpg,190,50,460,682,512
0IMG_20260410_125623.jpg,155,0,512,682,512
DSC00897.JPG,5,94,460,512,682
DSC00896.JPG,0,70,460,512,682
0IMG_20260317_180345.jpg,150,240,358,512,682
DSC01738.JPG,100,0,409,512,682
0IMG_7614.JPG,100,270,409,512,682
0IMG_7613.JPG,150,110,358,512,682
0IMG_7112.JPG,0,381,512,512,910
0IMG_7098.JPG,0,128,512,512,682
0IMG_7097.JPG,0,110,512,512,682
0IMG_7088.JPG,150,130,358,512,682
DSC00547.JPG,0,135,512,512,682
Col_DSC00290.JPG,25,310,358,512,682
0IMG_6339.JPG,80,145,358,512,682
0IMG_6344.JPG,145,60,358,512,682
0IMG_6345.JPG,105,0,358,512,682
0IMG_6372.JPG,0,95,409,512,682
0IMG_6356.JPG,25,175,460,512,910
0IMG_6365.JPG,150,280,358,512,682
0IMG_7202.JPG,150,320,358,512,682
DSC00540.JPG,5,210,460,512,682
0IMG_7035.JPG,45,290,358,512,682
0IMG_7036.JPG,0,110,358,512,682
0IMG_7037.JPG,45,0,358,512,682
DSC00921.JPG,5,155,409,512,682
DSC00925.JPG,23,0,512,682,512
DSC00926.JPG,0,15,460,682,512
DSC00927.JPG,80,75,409,682,512
0IMG_9731.jpg,0,0,512,682,512
0IMG_9730.jpg,0,0,512,682,512
0IMG_9737.jpg,220,0,460,682,512
0IMG_9738.jpg,165,0,512,682,512
0IMG_9734.jpg,195,150,358,682,512
0IMG_7451.JPG,0,0,460,512,682
0IMG_7452.JPG,15,150,409,512,682
0IMG_7307.JPG,0,135,460,512,682
0IMG_7328.JPG,15,50,460,682,512
0IMG_7350.JPG,0,190,409,512,682
0IMG_7349.JPG,15,180,409,512,682
0IMG_6296.JPG,150,5,358,682,512
0IMG_3044.jpg,165,100,409,682,512
0IMG_7336.JPG,0,78,512,512,682
0IMG_7337.JPG,0,50,512,512,682
0IMG_7338.JPG,0,50,512,512,682
0IMG_7335.JPG,100,255,409,512,682
0IMG_7334.JPG,100,250,409,512,682
0IMG_20260324_144330.jpg,265,100,409,682,512
0IMG_6283.JPG,0,0,358,682,512
0IMG_6766.JPG,100,0,409,512,682
0IMG_6767.JPG,100,20,358,512,682
0IMG_6677.JPG,25,209,460,512,682
0IMG_6771.JPG,145,0,358,512,682
0IMG_6783.JPG,115,300,358,512,682
0IMG_6781.JPG,550,0,512,1074,512
0IMG_6780.JPG,147,20,460,610,512
0IMG_6777.JPG,270,100,409,682,512
0IMG_6868.JPG,270,0,409,682,512
0IMG_6782.JPG,50,0,460,512,682
0IMG_6775.JPG,215,150,358,682,512
0IMG_20260325_160956.jpg,0,5,358,512,682
0IMG_20260325_160948.jpg,95,100,409,682,512
0IMG_20260325_163831.jpg,95,5,358,682,512
0IMG_20260324_160129.jpg,15,245,409,512,682
DSC001311.JPG,50,0,460,512,682
DSC001312.JPG,0,15,512,512,682
DSC001314.JPG,100,55,358,512,682
DSC00591.JPG,0,125,512,512,682
0IMG_20260319_140932.jpg,50,200,358,512,682
0IMG_20260318_165159.jpg,105,50,358,512,682
0IMG_20260318_165202.jpg,0,30,460,512,682
0IMG_20260319_141018.jpg,200,50,409,682,512
0IMG_20260319_141011.jpg,160,50,460,682,512
0IMG_20260319_140936.jpg,135,220,358,512,682
0IMG_20260319_140756.jpg,50,295,358,512,682
DSC01053.JPG,0,285,358,512,682
DSC01056.JPG,99,172,409,512,682
DSC001141.JPG,0,130,512,512,682
Col_DSC00449.JPG,70,85,358,682,512
uyuniDSC01881.JPG,100,0,409,512,682
DSC000978.JPG,0,5,512,512,682
DSC001144.JPG,40,280,358,512,682
DSC001145.JPG,0,35,409,512,682
0IMG_20260326_162729.jpg,0,50,358,682,512
0IMG_6705.JPG,250,0,409,682,512
DSC00913.JPG,56,230,358,512,682
DSC001146.JPG,45,155,409,512,682
DSC01333.JPG,0,10,512,512,682
DSC001140.JPG,0,0,512,512,682
DSC001139.JPG,0,10,512,512,682
0IMG_7100.JPG,35,0,409,512,682
0IMG_7091.JPG,115,320,358,512,682
0IMG_7090.JPG,100,285,358,512,682
0IMG_7092.JPG,260,40,409,910,512
0IMG_7087.JPG,0,53,512,512,682
0IMG_7094.JPG,0,30,512,512,682
0IMG_7089.JPG,95,15,409,512,682
DSC00777.JPG,50,105,460,512,682
DSC00776.JPG,0,95,512,512,682
DSC00775.JPG,40,180,460,512,682
DSC00774.JPG,0,0,460,512,682
Col_DSC00281.JPG,0,10,512,512,682
DSC01519.JPG,10,77,460,512,682
Col_DSC00223.JPG,30,0,460,512,682
DSC01332.JPG,0,153,512,512,682
0IMG_6006(1).JPG,170,0,512,682,512
0IMG_7139.JPG,0,95,409,682,512
0IMG_6645.JPG,5,320,358,512,682
0IMG_6644.JPG,69,0,409,512,682
0IMG_5824.jpg,79,100,409,682,512
0IMG_5811.jpg,15,315,358,512,682
0IMG_5812.jpg,0,305,358,512,682
0IMG_6016.jpg,25,95,358,512,682
0IMG_7145.JPG,240,0,358,682,512
0IMG_7144.JPG,250,0,358,682,512
0IMG_7177.JPG,165,150,358,682,512
0IMG_7176.JPG,165,0,409,682,512
0IMG_7175.JPG,200,5,358,682,512
0IMG_6544.JPG,0,170,512,512,682
0IMG_6882.JPG,0,35,512,512,682
0IMG_6881.JPG,0,45,512,512,682
0IMG_6880.JPG,0,50,512,512,682
0IMG_6966.JPG,45,215,460,512,682
uyuniDSC01846.JPG,70,270,409,512,682
0414e0295-4ee2-4b92-9b03-bc4167377633.jpg,40,135,358,680,512
09fabd2ca-b42b-4890-ab10-81e7ac4ad0be.jpg,50,140,358,680,512
0IMG_5808.jpg,0,0,512,512,682
0IMG_5809.jpg,0,5,512,512,682
0IMG_6845.JPG,150,45,460,682,512
0IMG_6608.JPG,0,105,460,512,682
0IMG_6609.JPG,5,105,460,512,682
0IMG_5807.jpg,0,159,460,512,682
0IMG_5823.jpg,210,50,460,682,512
0IMG_5822.jpg,80,0,512,682,512
0IMG_5821.jpg,85,0,512,682,512
0IMG_6610.JPG,50,150,409,512,682
0IMG_6611.JPG,50,150,409,512,682
0IMG_9875.jpg,75,0,512,682,512
0IMG_9873.jpg,140,35,460,682,512
0IMG_9874.jpg,155,30,460,682,512
0IMG_9871.jpg,95,50,460,682,512
0IMG_9872.jpg,115,35,460,682,512
DSC001323.JPG,0,0,512,512,682
DSC001322.JPG,0,5,512,512,682
DSC001321.JPG,0,5,512,512,682
DSC001320.JPG,0,15,512,512,682
Col_DSC00273.JPG,160,0,512,682,512
Col_DSC00274.JPG,5,105,358,512,682
uyuniDSC01872.JPG,50,205,460,512,682
uyuniDSC01866.JPG,35,106,358,512,682
uyuniDSC01867.JPG,5,105,409,512,682
uyuniDSC01868.JPG,0,79,460,512,682
DSC01708.JPG,0,0,512,512,682
DSC01707.JPG,0,55,512,512,682
DSC000992.JPG,0,65,512,512,682
DSC01831.JPG,0,50,460,512,682
uyuniDSC01840.JPG,170,5,409,682,512
uyuniDSC01844.JPG,50,35,460,512,682
DSC01796.JPG,120,0,460,682,512
0IMG_2881.jpg,109,0,512,682,512
0IMG_6642.JPG,155,110,358,682,512
0IMG_7272.JPG,105,45,460,682,512
0IMG_7273.JPG,100,50,460,682,512
08065AE90-C07D-44AA-B271-173F1102903F.jpg,0,110,512,512,910
0IMG_6025.JPG,95,45,460,682,512
0IMG_6019.JPG,213,51,409,682,512
0IMG_7471.JPG,0,35,460,682,512
0IMG_7470.JPG,5,25,409,682,512
0IMG_20260325_105026.jpg,0,68,512,512,682
0IMG_20260325_144701.jpg,100,60,409,682,512
0IMG_20260325_144700.jpg,55,15,409,682,512
0IMG_20260325_145048.jpg,280,0,358,682,512
0IMG_20260325_145044.jpg,270,15,358,682,512
0IMG_20260325_145051.jpg,320,15,358,682,512
0IMG_7324.JPG,40,40,460,512,682
0IMG_7386.JPG,40,190,358,512,682
0IMG_7387.JPG,33,106,409,512,682
0IMG_7388.JPG,29,61,409,512,682
DSC00534.JPG,95,260,409,512,682
DSC001138.JPG,45,135,358,512,682
DSC00700.JPG,35,130,460,512,682
0IMG_5639.jpg,5,270,409,512,682
0IMG_5640.jpg,0,295,358,512,682
0IMG_5641.jpg,5,280,358,512,682
0IMG_5642.jpg,5,270,358,512,682
0IMG_5644.jpg,5,300,358,512,682
0IMG_5643.jpg,10,260,358,512,682
0IMG_3019.jpg,44,119,460,512,682
0IMG_6394.JPG,150,0,358,512,682
0IMG_6382.JPG,79,252,358,512,910
Col_DSC00442.JPG,15,180,358,512,682
0IMG_6381.JPG,275,150,358,682,512
0IMG_6380.JPG,50,130,409,512,682
0IMG_3018.jpg,300,0,358,682,512
0IMG_3017.jpg,105,80,358,512,682
0IMG_6379.JPG,100,150,409,512,683
0IMG_6737.JPG,100,150,409,512,683
0E81DB2F9-77D1-44C0-B613-DC90140915FA.jpg,31,0,512,680,512
0A9BE35D9-9622-425B-88C7-AF7DD2D45AC9.jpg,0,161,512,512,680
0IMG_5637.jpg,49,219,460,512,682
0IMG_6423.JPG,106,0,358,512,682
0IMG_6422.JPG,35,30,358,512,682
0IMG_5967.JPG,155,50,460,682,512
0IMG_7279.JPG,20,115,358,512,682
0IMG_7300.JPG,170,12,409,682,512
0IMG_7302.JPG,100,100,409,682,512
0IMG_7301.JPG,100,95,409,682,512
0IMG_7584.JPG,320,95,358,682,512
0IMG_7582.JPG,300,0,358,682,512
0IMG_7583.JPG,195,10,358,682,512
DSC00806.JPG,145,0,512,682,512
DSC00810.JPG,105,50,460,682,512
DSC00811.JPG,0,0,512,512,682
DSC00804.JPG,110,0,460,682,512
DSC00803.JPG,115,40,460,682,512
DSC00812.JPG,95,0,409,512,682
DSC00805.JPG,200,50,460,682,512
DSC00808.JPG,100,15,358,682,512
DSC00807.JPG,105,45,358,682,512
DSC00809.JPG,165,0,512,682,512
0IMG_6314.JPG,160,135,358,682,512
0IMG_6315.JPG,160,145,358,682,512
0IMG_6310.JPG,150,145,358,682,512
0IMG_6309.JPG,140,150,358,682,512
0IMG_6311.JPG,110,90,409,682,512
0IMG_6312.JPG,110,100,409,682,512
0IMG_6313.JPG,110,95,409,682,512
0IMG_6425.JPG,235,0,409,682,512
0IMG_5635.jpg,55,215,409,512,682
0IMG_5636.jpg,55,210,409,512,682
0IMG_6135.JPG,270,0,409,682,512
0IMG_7290.JPG,39,0,460,512,682
0IMG_6888.JPG,219,25,460,682,512
0IMG_6887.JPG,189,20,460,682,512
0IMG_6886.JPG,270,5,409,682,512
0IMG_6587.JPG,0,169,512,512,682
0IMG_7532.JPG,25,0,512,682,512
0IMG_6993.JPG,53,45,460,682,512
0IMG_20260318_160140.jpg,105,0,358,682,512
DSC00850.JPG,10,77,409,512,682
DSC01808.JPG,0,255,358,512,682
0IMG_7486.JPG,0,148,512,512,682
DSC00831.JPG,35,190,460,512,682
DSC00833.JPG,10,105,409,512,682
DSC00830.JPG,220,0,460,682,512
DSC00822.JPG,100,185,409,512,682
uyuniDSC01876.JPG,0,150,512,512,682
uyuniDSC01875.JPG,0,155,512,512,682
uyuniDSC01874.JPG,55,205,409,512,682
DSC01534.JPG,15,0,512,682,512
DSC000776.JPG,35,115,460,512,682
DSC000775.JPG,10,100,460,512,682
Col_DSC00254.JPG,135,0,512,682,512
DSC001261.JPG,30,190,460,512,682
DSC001260.JPG,80,190,358,512,682
DSC001259.JPG,45,210,358,512,682
DSC001258.JPG,15,59,409,512,682
0IMG_20260413_125024.jpg,0,120,512,512,682
0IMG_20260413_125026.jpg,0,5,512,512,682
0IMG_20260412_180113.jpg,0,55,512,512,682
DSC00719.JPG,15,15,409,512,682
0IMG_7580.JPG,150,255,358,512,682
0IMG_7581.JPG,140,250,358,512,682
0IMG_5980.JPG,70,54,409,512,682
0IMG_7530.JPG,95,50,358,682,512
0IMG_7531.JPG,50,0,409,682,512
0IMG_7472.JPG,150,50,358,512,682
0IMG_7473.JPG,30,50,460,682,512
0IMG_7474.JPG,47,0,358,682,512
0IMG_20260325_115113.jpg,165,0,512,682,512
0IMG_20260325_115106.jpg,195,0,460,682,512
0IMG_20260325_115321.jpg,0,45,460,682,512
0IMG_20260325_115454.jpg,50,0,512,682,512
0IMG_20260325_115452.jpg,15,0,512,682,512
0IMG_20260325_115451.jpg,65,50,460,682,512
0IMG_20260325_115318.jpg,120,45,460,682,512
0IMG_20260325_115456.jpg,220,50,460,682,512
0IMG_20260325_115448.jpg,140,70,409,682,512
0IMG_20260325_115458.jpg,0,50,460,512,682
0IMG_9831.jpg,295,60,358,682,512
0IMG_9824.jpg,270,10,409,682,512
0IMG_9823.jpg,295,60,358,682,512
0IMG_9825.jpg,260,55,409,682,512
0IMG_9829.jpg,260,50,409,682,512
0IMG_9828.jpg,270,40,409,682,512
0IMG_9837.jpg,165,0,512,682,512
0IMG_7460.JPG,40,0,512,682,512
0IMG_7461.JPG,145,0,512,682,512
0IMG_9835.jpg,245,100,358,682,512
0IMG_9833.jpg,165,85,409,682,512
0IMG_9819.jpg,260,95,358,682,512
0IMG_20260325_090209.jpg,200,0,460,682,512
0IMG_20260325_090157.jpg,140,50,460,682,512
0IMG_6876.JPG,140,5,460,682,512
0IMG_6878.JPG,0,210,409,512,682
0IMG_6877.JPG,0,255,409,512,682
0IMG_6765.JPG,150,140,358,512,682
0IMG_6635.JPG,220,0,409,682,512
0IMG_7326.JPG,270,100,409,682,512
0IMG_7430.JPG,145,175,358,512,682
0IMG_6852.JPG,175,50,358,682,512
0IMG_5616.jpg,0,190,358,512,682
0IMG_5617.jpg,0,154,460,512,682
0IMG_5632.jpg,150,310,358,512,682
0IMG_5630.jpg,150,310,358,512,682
0IMG_5631.jpg,150,300,358,512,682
0IMG_6334.JPG,250,100,358,682,512
0IMG_6336.JPG,240,60,358,682,512
0IMG_6335.JPG,235,55,358,682,512
0IMG_6333.JPG,80,0,512,682,512
0IMG_2977.jpg,168,0,512,682,512
0IMG_2976.jpg,200,45,460,682,512
0IMG_2975.jpg,200,50,460,682,512
0IMG_2974.jpg,205,45,460,682,512
0IMG_2972.jpg,205,45,460,682,512
0IMG_2973.jpg,215,90,358,682,512
0IMG_6281.JPG,95,10,409,512,682
0IMG_6297.JPG,139,0,460,682,512
0IMG_6867.JPG,10,95,358,512,682
0IMG_6870.JPG,49,204,460,512,682
0IMG_6871.JPG,10,0,358,512,682
0IMG_6866.JPG,165,100,358,682,512
0IMG_6865.JPG,150,100,409,682,512
0IMG_6788.JPG,0,300,358,512,682
0IMG_6789.JPG,0,300,358,512,682
0IMG_6720.JPG,0,50,460,682,512
0IMG_5961.JPG,163,90,409,682,512
0IMG_6342.JPG,150,290,358,512,682
DSC000804.JPG,115,300,358,512,682
DSC000803.JPG,85,35,358,512,682
0IMG_6700.JPG,0,0,512,512,515
DSC01752.JPG,49,89,460,512,682
DSC001115.JPG,0,40,512,512,682
0IMG_7282.JPG,45,0,512,682,512
uyuniDSC01845.JPG,15,116,409,512,682
0IMG_6632.JPG,154,0,460,682,512
DSC001147.JPG,0,130,460,512,682
0IMG_7570.JPG,80,40,460,682,512
0IMG_7568.JPG,150,55,409,682,512
0IMG_7567.JPG,155,50,409,682,512
0IMG_7566.JPG,120,50,409,682,512
0IMG_7565.JPG,84,24,460,682,512
0IMG_7564.JPG,95,45,460,682,512
0IMG_7569.JPG,134,25,460,682,512
0IMG_7163.JPG,66,25,460,682,512
DSC000959.JPG,130,155,358,512,682
DSC00740.JPG,0,200,358,512,682
0IMG_6078.JPG,0,245,358,512,682
0IMG_6079.JPG,20,255,358,512,682
0IMG_9884.jpg,148,0,512,682,512
0IMG_6061.JPG,165,45,460,682,512
0IMG_6081.JPG,40,0,512,682,512
0IMG_6082.JPG,40,0,512,682,512
DSC01061.JPG,0,20,512,512,682
DSC001143.JPG,45,110,460,512,682
DSC001095.JPG,65,250,358,512,682
DSC01436.JPG,10,0,460,512,682
DSC01435.JPG,0,0,460,512,682
DSC01437.JPG,0,40,460,512,682
DSC01438.JPG,20,72,460,512,682
DSC01379.JPG,15,240,409,512,682
0IMG_20260326_154133.jpg,108,49,358,682,512
0IMG_7008.JPG,0,102,512,512,682
0IMG_6884.JPG,0,150,512,512,682
0IMG_6885.JPG,0,135,512,512,682
Col_DSC00218.JPG,75,280,358,512,682
Col_DSC00215.JPG,5,85,409,512,682
Col_DSC00216.JPG,0,145,358,512,682
DSC00888.JPG,50,165,409,512,682
DSC00889.JPG,0,0,512,512,682
Col_DSC00482.JPG,0,150,512,512,682
Col_DSC00327.JPG,0,60,512,512,682
0IMG_6187.JPG,85,135,358,512,682
Col_DSC00328.JPG,195,0,409,682,512
0IMG_6191.JPG,90,0,512,682,512
0IMG_6189.JPG,90,30,409,512,682
0A3F9B35A-0AEB-40BF-89FA-78A77DCEE001.jpg,10,234,460,512,910
05495FFC3-6766-4449-A7BB-09FA61425F64.jpg,0,150,512,512,910
0IMG_6062.JPG,145,150,358,682,512
0IMG_20260322_133121.jpg,392,0,460,1161,512
DSC01825.JPG,80,20,409,512,682
0IMG_5968.JPG,55,105,358,512,682
0IMG_5995.JPG,165,150,358,682,512
DSC01712.JPG,100,75,409,512,682
DSC01737.JPG,135,65,358,512,682
DSC00506.JPG,100,155,409,512,682
DSC00530.JPG,95,265,409,512,682
DSC00537.JPG,95,315,358,512,682
DSC01337.JPG,140,145,358,512,682
DSC01340.JPG,95,120,409,512,682
DSC01339.JPG,130,20,358,512,682
DSC01341.JPG,140,0,358,512,682
DSC01342.JPG,150,155,358,512,682
DSC01343.JPG,0,0,512,512,682
DSC01346.JPG,50,220,460,512,682
DSC00885.JPG,0,35,460,512,682
DSC00871.JPG,150,320,358,512,682
0IMG_7069.JPG,90,265,409,512,682
0IMG_7070.JPG,75,260,409,512,682
DSC00734.JPG,85,10,409,512,682
DSC00735.JPG,65,0,409,512,682
DSC01813.JPG,100,225,409,512,682
Col_DSC00271.JPG,0,30,460,512,682
DSC001000.JPG,50,95,460,512,682
DSC000999.JPG,50,145,358,512,682
uyuniDSC01883.JPG,35,220,460,512,682
uyuniDSC01879.JPG,230,50,409,682,512
0IMG_20260324_173425.jpg,232,0,358,682,512
0IMG_7109.JPG,32,190,409,512,682
0IMG_5991.JPG,170,0,512,682,512
0IMG_5992.JPG,115,0,512,682,512
0IMG_7352.JPG,165,0,409,682,512
0IMG_7353.JPG,180,55,409,682,512
0IMG_9756.jpg,153,0,512,682,512
0IMG_6188.JPG,171,50,460,682,512
DSC01358.JPG,50,20,460,512,682
DSC00526.JPG,252,32,358,682,512
DSC000998.JPG,0,90,512,512,682
DSC00875.JPG,100,0,409,512,682
0IMG_6049.JPG,55,70,358,512,682
0IMG_5879.jpg,50,175,460,512,682
0IMG_5878.jpg,50,155,460,512,682
0IMG_5880.jpg,100,265,358,512,682
0IMG_6890.JPG,0,0,512,682,512
0IMG_6891.JPG,45,15,460,682,512
0IMG_6722.JPG,64,0,409,512,682
0IMG_6605.JPG,75,290,358,512,682
0IMG_6545.JPG,50,210,460,512,682
0IMG_7108.JPG,30,150,460,512,682
0IMG_7107.JPG,0,40,512,512,682
0IMG_6725.JPG,145,85,358,682,512
DSC00883.JPG,10,0,512,682,512
DSC00882.JPG,48,0,460,682,512
uyuniDSC01880.JPG,75,320,358,512,682
0IMG_5993.JPG,85,0,512,682,512
0IMG_6032.JPG,200,95,409,682,512
0IMG_6033.JPG,125,0,460,682,512
0IMG_6034.JPG,140,5,460,682,512
DSC00532.JPG,0,85,409,512,682
DSC01457.JPG,0,10,512,512,682
DSC01458.JPG,20,35,460,512,682
Col_DSC00385.JPG,220,95,358,682,512
Col_DSC00386.JPG,240,125,358,682,512
Col_DSC00388.JPG,80,0,512,682,512
DSC00770.JPG,30,10,358,682,512
DSC00771.JPG,10,0,358,682,512
DSC01804.JPG,0,0,512,682,512
DSC00827.JPG,54,111,409,512,682
DSC01427.JPG,44,145,460,512,682
DSC01428.JPG,50,50,460,512,682
DSC01431.JPG,0,40,512,512,682
DSC01430.JPG,0,100,512,512,682
DSC01429.JPG,50,200,460,512,682
DSC01819.JPG,0,91,460,512,682
DSC01821.JPG,55,45,358,682,512
Col_DSC00392.JPG,0,94,512,512,682
DSC00838.JPG,150,320,358,512,682
DSC00782.JPG,20,0,358,512,682
DSC00781.JPG,0,0,358,512,682
DSC00783.JPG,115,280,358,512,682
DSC00784.JPG,130,275,358,512,682
DSC00779.JPG,220,50,460,682,512
DSC00778.JPG,76,97,409,682,512
DSC001155.JPG,0,260,409,512,682
DSC001317.JPG,50,70,358,512,682
DSC001318.JPG,65,165,409,512,682
0IMG_20260326_131401.jpg,10,0,460,512,682
DSC001151.JPG,0,40,512,512,682
DSC001150.JPG,0,45,512,512,682
DSC000942.JPG,0,185,460,512,682
0IMG_20260326_163930.jpg,50,270,409,512,682
0IMG_20260326_163735.jpg,0,140,512,512,682
0IMG_20260326_163906.jpg,10,60,460,512,682
0IMG_9859.jpg,195,45,460,682,512
0IMG_9858.jpg,155,0,512,682,512
0IMG_9860.jpg,215,125,358,682,512
0IMG_9861.jpg,215,100,409,682,512
0IMG_20260326_163818.jpg,50,175,460,512,682
0IMG_20260326_163912.jpg,50,0,460,512,682
0IMG_20260326_163912_1.jpg,45,0,460,512,682
Col_DSC00305.JPG,200,15,460,682,512
Col_DSC00304.JPG,100,101,409,512,682
DSC00751.JPG,140,270,358,512,682
DSC00747.JPG,0,270,409,512,682
Col_DSC00202.JPG,169,0,512,682,512
Col_DSC00191.JPG,90,45,358,512,682
0IMG_5953.JPG,219,0,460,682,512
DSC001096.JPG,50,0,460,512,682
DSC01074.JPG,285,150,358,682,512
Col_DSC00343.JPG,120,130,358,512,682
Col_DSC00342.JPG,111,154,358,512,682
0IMG_6673.JPG,110,0,358,512,682
uyuniDSC01882.JPG,100,76,409,512,682
DSC001029.JPG,0,158,512,512,682
Col_DSC00476.JPG,0,115,460,512,682
Col_DSC00475.JPG,5,15,409,512,682
0IMG_6637.JPG,150,90,358,682,512
0IMG_20260326_163710.jpg,185,85,358,682,512
0IMG_20260326_163816.jpg,75,40,358,512,682
DSC001116.JPG,40,215,460,512,682
DSC001117.JPG,72,110,358,512,682
Col_DSC00446.JPG,0,10,512,512,682
Col_DSC00444.JPG,150,55,358,512,682
0IMG_2792.jpg,70,270,409,512,682
0IMG_5959.JPG,0,5,460,512,682
0IMG_5998.JPG,60,0,358,512,682
0IMG_6066.JPG,15,152,460,512,682
0IMG_6002.JPG,15,245,358,512,682
0IMG_6001.JPG,0,0,409,512,682
0IMG_6003.JPG,55,395,358,512,1413
0IMG_5999.JPG,10,70,358,512,682
0IMG_2793.jpg,80,85,358,512,682
Col_DSC00306.JPG,150,0,358,512,682
DSC01348.JPG,45,190,460,512,682
DSC01347.JPG,35,0,358,512,682
DSC01349.JPG,200,60,409,682,512
Col_DSC00460.JPG,0,83,512,512,682
Col_DSC00313.JPG,80,15,409,512,682
Col_DSC00311.JPG,20,39,409,512,682
0IMG_2801.jpg,5,10,409,512,682
0IMG_2802.jpg,5,10,409,512,682
0IMG_2797.jpg,40,0,358,512,682
0IMG_2799.jpg,45,5,358,512,682
0IMG_2798.jpg,50,0,358,512,682
0IMG_2800.jpg,50,30,358,512,682
0IMG_6585.JPG,115,101,358,682,512
DSC01545.JPG,0,128,512,512,682
DSC01544.JPG,20,221,460,512,682
0IMG_20260413_124916.jpg,90,260,358,512,682
0IMG_20260413_124910.jpg,80,90,409,512,682
0IMG_20260413_124912.jpg,55,145,409,512,682
0IMG_20260413_124914.jpg,50,155,409,512,682
0IMG_20260414_004605.jpg,0,170,358,512,682
0IMG_20260414_004604_1.jpg,0,195,358,512,682
0IMG_20260414_004604.jpg,0,195,358,512,682
0IMG_20260414_004603.jpg,0,210,358,512,682
0IMG_3015.jpg,50,240,409,512,682
0IMG_3016.jpg,65,225,409,512,682
0IMG_6901.JPG,50,165,460,512,682
0IMG_6900.JPG,50,160,460,512,682
0IMG_6899.JPG,50,145,460,512,682
0IMG_6897.JPG,50,145,460,512,682
0IMG_6898.JPG,50,145,460,512,682
0IMG_6896.JPG,40,150,460,512,682
0IMG_7142.JPG,0,149,512,512,682
0IMG_20260404_191212.jpg,0,0,512,682,512
0IMG_20260404_191210.jpg,0,0,512,682,512
0IMG_20260404_191207.jpg,0,0,512,682,512
0IMG_20260404_191206.jpg,0,0,512,682,512
0IMG_20260404_190456.jpg,60,0,512,682,512
0IMG_20260404_190455.jpg,55,0,512,682,512
0IMG_20260404_190504.jpg,130,0,512,682,512
0IMG_20260404_192645.jpg,169,0,512,682,512
0IMG_20260404_192648.jpg,170,0,512,682,512
0IMG_20260404_192633.jpg,0,61,460,512,682
0IMG_20260404_192642.jpg,260,85,409,682,512
0IMG_20260404_192638.jpg,280,150,358,682,512
0IMG_6373.JPG,250,45,409,682,512
0IMG_6374.JPG,270,34,409,682,512
0IMG_7281.JPG,40,150,358,682,512
0IMG_7285.JPG,15,50,460,682,512
0IMG_7283.JPG,125,145,358,682,512
0IMG_7284.JPG,160,150,358,682,512
0IMG_6244.JPG,134,0,512,682,512
0IMG_6245.JPG,155,0,512,682,512
0IMG_7058.JPG,135,145,358,682,512
0IMG_7059.JPG,60,90,409,682,512
0IMG_7062.JPG,250,100,409,682,512
0IMG_7060.JPG,200,85,409,682,512
0IMG_7061.JPG,210,100,409,682,512
0IMG_6728.JPG,195,100,409,682,512
0IMG_6727.JPG,100,40,460,682,512
0IMG_7134.JPG,135,0,409,682,512
0IMG_7135.JPG,150,5,409,682,512
0IMG_7133.JPG,115,15,409,682,512
0IMG_7194.JPG,60,20,460,682,512
0IMG_7610.JPG,295,150,358,682,512
0IMG_7611.JPG,300,150,358,682,512
0IMG_7489.JPG,0,0,460,682,512
DSC00528.JPG,130,150,358,682,512
DSC00517.JPG,0,155,512,512,682
0IMG_7291.JPG,100,245,409,512,682
0IMG_7292.JPG,62,10,358,512,682
Col_DSC00409.JPG,5,61,409,512,682
0IMG_7322.JPG,315,35,358,682,512
0IMG_7223.JPG,30,145,460,512,682
0IMG_9779.jpg,200,85,409,682,512
0IMG_9743.jpg,30,45,460,682,512
DSC00720.JPG,24,20,460,512,682
DSC00813.JPG,40,215,460,512,682
0IMG_20260326_141756.jpg,95,70,358,512,682
0IMG_20260412_180108.jpg,0,320,358,512,682
0IMG_20260326_144058.jpg,0,150,512,512,682
DSC00914.JPG,0,10,512,512,682
DSC00915.JPG,0,65,409,512,682
0IMG_20260318_170912.jpg,35,150,460,512,682
0IMG_20260318_170915.jpg,20,112,460,512,682
0IMG_20260318_170923.jpg,100,250,409,512,682
0IMG_20260318_170925.jpg,45,200,409,512,682
0IMG_20260318_170918.jpg,34,174,460,512,682
0IMG_20260318_170920.jpg,90,95,409,512,682
DSC001024.JPG,150,0,358,512,682
DSC01009.JPG,0,140,460,512,682
DSC00670.JPG,145,210,358,512,682
DSC001104.JPG,0,200,358,512,682
DSC001167.JPG,0,90,512,512,682
DSC001164.JPG,65,25,409,512,682
DSC001165.JPG,10,0,460,512,682
DSC001166.JPG,0,25,512,512,682
DSC001021.JPG,49,219,460,512,682
DSC01692.JPG,100,270,409,512,682
DSC01688.JPG,45,0,460,512,682
DSC01682.JPG,20,165,409,512,682
DSC01684.JPG,0,45,512,512,682
DSC01683.JPG,0,170,512,512,682
DSC01486.JPG,0,35,460,512,682
DSC01483.JPG,0,0,512,512,682
DSC01485.JPG,100,39,409,512,682
DSC01484.JPG,95,55,409,512,682
DSC01482.JPG,35,45,460,512,682
DSC01481.JPG,80,100,409,512,682
0IMG_7587.JPG,178,80,409,682,512
DSC01487.JPG,81,227,358,512,682
DSC001285.JPG,0,5,512,512,682
DSC01433.JPG,20,75,358,682,512
DSC01364.JPG,40,30,460,512,682
DSC001263.JPG,15,135,409,512,682
DSC01075.JPG,160,150,358,682,512
DSC00546.JPG,35,75,460,512,682
Col_DSC00466.JPG,50,75,460,512,682
Col_DSC00469.JPG,0,185,460,512,682
Col_DSC00468.JPG,95,15,409,512,682
DSC001135.JPG,145,290,358,512,682
Col_DSC00471.JPG,50,52,460,512,682
Col_DSC00472.JPG,20,0,460,512,682
Col_DSC00474.JPG,100,245,409,512,682
Col_DSC00473.JPG,65,270,409,512,682
Col_DSC00459.JPG,0,30,512,512,682
Col_DSC00261.JPG,0,5,512,512,682
0IMG_6192.JPG,100,95,409,512,682
DSC00919.JPG,60,150,358,512,682
0IMG_6538.JPG,0,0,512,512,682
DSC00887.JPG,0,250,409,512,682
0IMG_6571.JPG,0,250,409,512,682
0IMG_6850.JPG,0,55,512,512,682
0IMG_6851.JPG,35,60,460,512,682
0IMG_6894.JPG,190,50,460,682,512
0IMG_6553.JPG,155,0,512,682,512
0IMG_6555.JPG,155,0,460,682,512
0IMG_6554.JPG,207,30,460,682,512
0IMG_6556.JPG,240,0,409,682,512
0IMG_6557.JPG,240,5,409,682,512
0IMG_6879.JPG,0,35,460,512,682
Col_DSC00340.JPG,20,126,460,512,682
Col_DSC00339.JPG,0,119,460,512,682
DSC000981.JPG,0,168,512,512,682
DSC000973.JPG,120,250,358,512,682
DSC01769.JPG,50,125,409,512,682
DSC01770.JPG,0,60,460,512,682
DSC01767.JPG,0,40,512,512,682
DSC01771.JPG,0,142,460,512,682
DSC01772.JPG,5,120,409,512,682
DSC01778.JPG,0,10,358,512,682
DSC01773.JPG,0,0,460,512,682
DSC01774.JPG,50,105,460,512,682
DSC01768.JPG,10,71,409,512,682
DSC01766.JPG,80,128,358,512,682
DSC01775.JPG,10,219,460,512,682
DSC01776.JPG,150,245,358,512,682
Col_DSC00275.JPG,0,10,409,682,512
DSC01719.JPG,0,85,512,512,682
DSC01718.JPG,0,95,512,512,682
uyuniDSC01841.JPG,0,135,512,512,682
DSC000993.JPG,60,0,512,682,512
DSC01753.JPG,0,45,512,512,682
DSC01754.JPG,40,5,460,682,512
DSC01755.JPG,15,30,460,682,512
DSC01757.JPG,145,40,358,682,512
DSC01758.JPG,95,45,358,682,512
DSC01756.JPG,50,0,512,682,512
DSC01702.JPG,0,0,358,682,512
DSC01701.JPG,10,0,409,682,512
DSC01704.JPG,0,160,512,512,682
DSC01703.JPG,0,35,512,512,682
DSC000913.JPG,0,175,409,512,682
0IMG_6968.JPG,10,0,409,682,512
0IMG_6967.JPG,5,0,409,682,512
DSC00726.JPG,0,20,460,512,682
Col_DSC00412.JPG,75,0,512,682,512
0f47a61dc-f508-4042-bd04-3e0eceaee6db.jpg,115,0,512,682,512
0bb063def-298c-4ff8-be17-ba1dabd7061f.jpg,170,0,512,682,512
0IMG_6855.JPG,50,44,409,682,512
0IMG_6856.JPG,95,50,358,682,512
0IMG_6861.JPG,75,40,358,682,512
0IMG_6858.JPG,40,0,460,682,512
0IMG_6857.JPG,45,0,460,682,512
0IMG_6859.JPG,106,0,512,682,512
0IMG_6860.JPG,45,0,358,682,512
DSC01676.JPG,0,95,512,512,682
DSC01599.JPG,69,95,409,682,512
DSC01600.JPG,20,100,409,682,512
0IMG_5892.jpg,10,0,512,682,512
0IMG_5891.jpg,10,0,512,682,512
DSC00699.JPG,135,190,358,512,682
0IMG_9840.jpg,135,0,460,682,512
DSC00928.JPG,86,50,409,682,512
DSC00929.JPG,140,10,460,682,512
0IMG_7367.JPG,145,70,358,682,512
0IMG_20260325_075627.jpg,163,0,512,682,512
0IMG_20260325_075630.jpg,149,0,512,682,512
0IMG_20260325_075629.jpg,130,0,512,682,512
DSC00923.JPG,0,37,512,512,682
DSC00967.JPG,320,115,358,682,512
0IMG_7394.JPG,320,150,358,682,512
0IMG_7373.JPG,0,0,460,682,512
0IMG_7372.JPG,0,0,409,682,512
0IMG_7393.JPG,194,0,409,682,512
0IMG_7439.JPG,45,0,512,682,512
0IMG_7453.JPG,0,0,512,682,512
0IMG_7368.JPG,25,180,460,512,682
0IMG_7382.JPG,220,50,358,682,512
0IMG_7397.JPG,125,30,409,682,512
0IMG_7298.JPG,130,0,358,682,512
0IMG_7371.JPG,110,0,512,682,512
0IMG_6774.JPG,260,58,409,682,512
0IMG_6776.JPG,105,0,512,682,512
0IMG_6269.JPG,0,215,409,512,682
Col_DSC00403.JPG,75,150,358,682,512
Col_DSC00400.JPG,10,155,358,512,682
Col_DSC00401.JPG,145,135,358,682,512
Col_DSC00402.JPG,200,95,358,682,512
Col_DSC00398.JPG,0,5,512,512,682
Col_DSC00399.JPG,100,110,358,512,682
Col_DSC00397.JPG,105,105,358,682,512
Col_DSC00396.JPG,15,100,409,512,682
Col_DSC00408.JPG,0,0,460,512,682
0IMG_6862.JPG,10,70,358,512,682
0IMG_6831.JPG,100,40,409,512,682
0IMG_6813.JPG,105,0,358,682,512
0IMG_20260329_181228.jpg,5,0,409,512,682
0IMG_6598.JPG,0,35,358,512,682
0IMG_6599.JPG,5,70,358,512,682
0IMG_6601.JPG,5,216,409,512,682
0IMG_6603.JPG,0,40,512,512,682
0IMG_6602.JPG,50,90,460,512,682
0IMG_6604.JPG,150,145,358,512,910
0IMG_6368.JPG,125,125,358,512,682
0IMG_6390.JPG,30,170,409,512,682
0IMG_6391.JPG,85,125,358,512,682
0IMG_6392.JPG,50,80,460,512,682
0IMG_6400.JPG,0,143,409,512,682
0IMG_20260413_072349.jpg,49,5,460,512,682
0IMG_20260414_073804.jpg,20,10,460,512,682
0IMG_20260414_073759.jpg,0,190,409,512,682
0IMG_20260414_073830.jpg,5,5,409,512,682
0IMG_20260414_073753.jpg,10,0,358,512,682
0IMG_20260414_073828.jpg,25,0,358,512,682
0IMG_20260414_073819.jpg,0,0,358,512,682
DSC01543.JPG,100,0,409,512,682
DSC01547.JPG,110,320,358,512,682
DSC01549.JPG,5,140,460,512,682
DSC01550.JPG,100,255,409,512,682
DSC001192.JPG,0,115,460,512,682
DSC001193.JPG,10,115,460,512,682
DSC001189.JPG,0,270,409,512,682
DSC001188.JPG,50,215,460,512,682
DSC001186.JPG,0,100,512,512,682
DSC001185.JPG,0,130,512,512,682
DSC001184.JPG,105,210,358,512,682
DSC001250.JPG,0,60,512,512,682
DSC00646.JPG,100,148,409,512,682
DSC01463.JPG,65,40,409,682,512
DSC01462.JPG,0,145,358,512,682
DSC01464.JPG,0,20,409,682,512
0IMG_7268.JPG,102,0,409,512,682
DSC001187.JPG,0,170,512,512,682
DSC001179.JPG,105,320,358,512,682
DSC001181.JPG,50,320,358,512,682
DSC001182.JPG,55,190,409,512,682
DSC001176.JPG,15,212,358,512,682
DSC001180.JPG,100,300,358,512,682
DSC001183.JPG,25,320,358,512,682
DSC001177.JPG,63,271,358,512,682
DSC001170.JPG,120,240,358,512,682
DSC001207.JPG,25,125,460,512,682
DSC001163.JPG,0,76,409,512,682
DSC001156.JPG,100,115,409,512,682
DSC001157.JPG,200,0,409,682,512
DSC001159.JPG,35,135,409,512,682
DSC001158.JPG,50,150,409,512,682
0IMG_9653.jpg,165,90,358,682,512
0IMG_9655.jpg,245,65,358,682,512
0IMG_9654.jpg,240,60,358,682,512
0IMG_9664.jpg,245,0,358,682,512
0IMG_9663.jpg,190,100,409,682,512
DSC001171.JPG,0,80,512,512,682
DSC001172.JPG,50,95,460,512,682
DSC001196.JPG,64,30,460,682,512
0IMG_9673.jpg,175,0,358,682,512
0IMG_20260413_123228.jpg,90,245,409,512,682
0IMG_20260413_123226.jpg,85,240,409,512,682
0IMG_9676.jpg,105,0,512,682,512
0IMG_6332.JPG,10,215,460,512,682
0IMG_7432.JPG,0,190,409,512,682
0IMG_7321.JPG,150,15,358,512,682
0IMG_6329.JPG,50,110,460,512,682
0IMG_6328.JPG,40,95,460,512,682
0IMG_6330.JPG,100,85,409,512,682
0IMG_6331.JPG,100,100,409,512,682
0IMG_3007.jpg,35,100,358,512,682
0IMG_3006.jpg,30,110,358,512,682
07d0206a4-84dc-46e9-9685-7f0593ff6b2f.jpg,151,0,512,680,512
08f4c43fb-911a-459e-b6b3-25ba00ebf69d.jpg,84,91,358,680,512
0caf711e2-c306-47fb-a6bf-1de11177c4ab.jpg,111,57,409,680,512
0f12eff25-0008-4265-8a05-31193f873c5e.jpg,140,35,460,680,512
0d11428d8-e63d-41d1-8cdc-296398192dc2.jpg,210,10,460,680,512
0fa217ca9-1642-4909-af29-4ec432f1da55.jpg,105,50,460,680,512
0e3e4adb6-cbc5-4f7e-9125-11644615234f.jpg,146,32,409,680,512
09367ce8f-2d77-44cc-8328-573459e8052e.jpg,140,0,512,680,512
0d203938e-3d18-4459-9ecc-f6365bd33fa2.jpg,215,75,409,680,512
0df75eaca-b515-4836-ab92-4ac86ae67659.jpg,205,100,409,680,512
04b542846-9930-4703-9dea-ae167b5ab59f.jpg,110,0,512,680,512
0bf07f07b-c7f5-4c1e-ab4b-be2e78069901.jpg,110,0,512,680,512
07c7b67a3-8f56-4b92-98b4-86f57f56f5ee.jpg,165,0,512,680,512
0d295974d-b61e-4946-ac6c-ee8dcbcc09ee.jpg,165,20,460,680,512
0db87f6f0-a506-4cf2-96f3-8a46393d0726.jpg,215,50,460,680,512
DSC00702.JPG,100,86,409,512,682
0IMG_7431.JPG,0,0,512,512,682
0IMG_7435.JPG,0,0,512,682,512
0IMG_7436.JPG,70,0,512,682,512
0IMG_7441.JPG,0,105,358,512,682
0IMG_7440.JPG,10,115,358,512,682
0IMG_20260325_151302.jpg,85,15,409,512,682
0IMG_20260325_151304.jpg,100,0,409,512,682
DSC001283.JPG,0,55,358,682,512
DSC00531.JPG,43,0,460,682,512
0IMG_7310.JPG,0,15,460,512,682
0IMG_7309.JPG,0,45,460,512,682
DSC00945.JPG,150,90,358,512,682
0IMG_7038.JPG,47,106,358,512,682
DSC001016.JPG,80,0,358,512,682
DSC001025.JPG,70,56,409,512,682
DSC001022.JPG,40,135,460,512,682
DSC001017.JPG,25,171,409,512,682
0IMG_7212.JPG,50,0,358,512,682
0IMG_20260324_161545.jpg,10,153,358,512,682
0IMG_7039.JPG,95,115,409,512,682
0IMG_20260326_143043.jpg,150,295,358,512,682
0IMG_6338.JPG,5,155,460,512,682
DSC00543.JPG,145,0,358,512,682
Col_DSC00301.JPG,0,155,512,512,682
Col_DSC00299.JPG,40,0,409,512,682
Col_DSC00297.JPG,25,0,460,512,682
Col_DSC00260.JPG,0,33,460,512,682
Col_DSC00263.JPG,100,0,409,512,682
Col_DSC00262.JPG,150,130,358,512,682
DSC01520.JPG,0,10,358,512,682
Col_DSC00192.JPG,0,115,512,512,682
Col_DSC00394.JPG,34,10,409,512,682
DSC01377.JPG,30,270,409,512,682
uyuniDSC01843.JPG,0,0,512,512,682
DSC01793.JPG,0,25,460,512,682
DSC01800.JPG,0,20,409,512,682
DSC01801.JPG,10,40,409,512,682
DSC01798.JPG,155,0,409,682,512
DSC01799.JPG,50,50,460,512,682
DSC01777.JPG,0,133,512,512,682
0IMG_6640.JPG,95,55,409,682,512
0IMG_7196.JPG,49,129,460,512,682
0IMG_6260.JPG,95,165,358,512,682
DSC000994.JPG,150,280,358,512,682
DSC000987.JPG,55,70,409,682,512
DSC000986.JPG,5,75,409,682,512
DSC00841.JPG,35,315,358,512,682
DSC00847.JPG,0,0,512,682,512
DSC01795.JPG,35,260,409,512,682
DSC00851.JPG,100,160,409,512,682
DSC00848.JPG,0,68,460,512,682
DSC00849.JPG,145,10,409,682,512
DSC00794.JPG,130,50,460,682,512
DSC00792.JPG,175,100,409,682,512
DSC00791.JPG,120,45,460,682,512
DSC00786.JPG,170,95,409,682,512
DSC000766.JPG,50,195,460,512,682
Col_DSC00200.JPG,150,850,358,512,2334
uyuniDSC01852.JPG,100,70,409,512,682
uyuniDSC01856.JPG,140,235,358,512,682
uyuniDSC01851.JPG,140,235,358,512,682
uyuniDSC01857.JPG,145,240,358,512,682
uyuniDSC01858.JPG,150,300,358,512,682
uyuniDSC01854.JPG,145,305,358,512,682
uyuniDSC01855.JPG,145,300,358,512,682
uyuniDSC01853.JPG,140,165,358,512,682
uyuniDSC01859.JPG,140,145,358,512,682
uyuniDSC01860.JPG,145,5,358,512,682
uyuniDSC01861.JPG,135,205,358,512,682
uyuniDSC01862.JPG,145,210,358,512,682
uyuniDSC01863.JPG,140,305,358,512,682
uyuniDSC01864.JPG,150,320,358,512,682
